likör,içecek,hyp
ıstakoz,hayvan,hyp
süpürge,alet,hyp
salatalık,sebze,hyp
polis,meslek,hyp
bakla,sebze,hyp
adıyaman,il,hyp
kızılcık,meyve,hyp
kurt,hayvan,hyp
karasinek,hayvan,hyp
çilek,meyve,hyp
keski,alet,hyp
kastamonu,il,hyp
hukuk,meslek,hyp
sopa,alet,hyp
senarist,meslek,hyp
lübnan,ülke,hyp
yalova,il,hyp
dubai,ülke,hyp
kazma,alet,hyp
doğan,hayvan,hyp
iskoçya,ülke,hyp
sıçan,hayvan,hyp
çekirge,hayvan,hyp
guatemala,ülke,hyp
koşu,spor,hyp
gündem,gazete,hyp
koyun,hayvan,hyp
ahududu,meyve,hyp
biyolog,meslek,hyp
teçhizat,alet,hyp
kriket,spor,hyp
hongkong,ülke,hyp
burdur,il,hyp
ekvador,ülke,hyp
köstebek,hayvan,hyp
tekirdağ,il,hyp
aslan,hayvan,hyp
karides,hayvan,hyp
silah,alet,hyp
dana,hayvan,hyp
italya,ülke,hyp
armut,meyve,hyp
panter,hayvan,hyp
ağrı,il,hyp
erik,meyve,hyp
figaro,gazete,hyp
tokat,il,hyp
terzi,meslek,hyp
peru,ülke,hyp
murç,alet,hyp
sanatçı,meslek,hyp
times,gazete,hyp
kuveyt,ülke,hyp
siirt,il,hyp
kuş,hayvan,hyp
başmühendis,meslek,hyp
uk,ülke,hyp
sakarya,il,hyp
balıkçı,meslek,hyp
kayseri,il,hyp
somali,ülke,hyp
levha,alet,hyp
balta,alet,hyp
bartın,il,hyp
haber,gazete,hyp
panama,ülke,hyp
boğa,hayvan,hyp
cezayir,ülke,hyp
subay,meslek,hyp
madagaskar,ülke,hyp
malezya,ülke,hyp
gaziantep,il,hyp
lüksemburg,ülke,hyp
danışman,meslek,hyp
cihaz,alet,hyp
tabip,meslek,hyp
kaplumbağa,hayvan,hyp
profesör,meslek,hyp
namibya,ülke,hyp
bayburt,il,hyp
tekvando,spor,hyp
gergedan,hayvan,hyp
satır,alet,hyp
sekreter,meslek,hyp
dominik,ülke,hyp
cin,içecek,hyp
atıcılık,spor,hyp
siyaset,meslek,hyp
izcilik,spor,hyp
fiji,ülke,hyp
fransa,ülke,hyp
mühendis,meslek,hyp
avcı,meslek,hyp
nikaragua,ülke,hyp
leopar,hayvan,hyp
liberya,ülke,hyp
futbol,spor,hyp
giresun,il,hyp
votka,içecek,hyp
karate,spor,hyp
mardin,il,hyp
fasulye,sebze,hyp
domuz,hayvan,hyp
küba,ülke,hyp
astsubay,meslek,hyp
abd,ülke,hyp
tarayıcı,alet,hyp
endonezya,ülke,hyp
zeytin,meyve,hyp
arkeolog,meslek,hyp
tabanca,alet,hyp
muş,il,hyp
istiklâl,gazete,hyp
iğde,meyve,hyp
zırh,alet,hyp
doçent,meslek,hyp
nepal,ülke,hyp
turunç,meyve,hyp
pakistan,ülke,hyp
yüzücülük,spor,hyp
kanada,ülke,hyp
tercümanlık,meslek,hyp
doktor,meslek,hyp
polo,spor,hyp
pedagog,meslek,hyp
moldova,ülke,hyp
telsiz,alet,hyp
kapari,sebze,hyp
çipura,hayvan,hyp
çeçenistan,ülke,hyp
independent,gazete,hyp
judo,spor,hyp
marul,sebze,hyp
zürafa,hayvan,hyp
yazıcı,alet,hyp
togo,ülke,hyp
vatan,gazete,hyp
sovyet,ülke,hyp
aksaray,il,hyp
salata,sebze,hyp
lahana,sebze,hyp
sağlık,meslek,hyp
antalya,il,hyp
arı,hayvan,hyp
bolu,il,hyp
dans,spor,hyp
kedi,hayvan,hyp
ahtapot,hayvan,hyp
israil,ülke,hyp
makedonya,ülke,hyp
izmir,il,hyp
palamut,meyve,hyp
mantar,sebze,hyp
denetmen,meslek,hyp
bingöl,il,hyp
mısır,ülke,hyp
asistan,meslek,hyp
briç,spor,hyp
portekiz,ülke,hyp
hurma,meyve,hyp
dereot,sebze,hyp
balina,hayvan,hyp
yönetici,meslek,hyp
yılan,hayvan,hyp
nakliyeci,meslek,hyp
cirit,spor,hyp
karpuz,meyve,hyp
müteahhit,meslek,hyp
kürek,alet,hyp
karaman,il,hyp
milliyet,gazete,hyp
limon,meyve,hyp
bilim,meslek,hyp
telefon,alet,hyp
step,spor,hyp
moritanya,ülke,hyp
leylek,hayvan,hyp
istiklal,gazete,hyp
süt,içecek,hyp
psikolog,meslek,hyp
laborant,meslek,hyp
van,il,hyp
roka,sebze,hyp
uşak,il,hyp
suriye,ülke,hyp
izmit,il,hyp
teleks,alet,hyp
soda,içecek,hyp
istiridye,hayvan,hyp
kalamar,hayvan,hyp
posta,gazete,hyp
akşam,gazete,hyp
böğürtlen,meyve,hyp
zimbabve,ülke,hyp
irlanda,ülke,hyp
ıspanak,sebze,hyp
ispanya,ülke,hyp
fruktoz,içecek,hyp
vakit,gazete,hyp
zencefil,sebze,hyp
uzman,meslek,hyp
bira,içecek,hyp
hürriyet,gazete,hyp
kurbağa,hayvan,hyp
ardahan,il,hyp
türkiye,gazete,hyp
stajyer,meslek,hyp
karnabahar,sebze,hyp
tarhun,sebze,hyp
elma,meyve,hyp
bursa,il,hyp
maydanoz,sebze,hyp
dağcılık,spor,hyp
basketbol,spor,hyp
turna,hayvan,hyp
binicilik,spor,hyp
bulgaristan,ülke,hyp
avokado,meyve,hyp
eczacı,meslek,hyp
çömlekçi,meslek,hyp
kırklareli,il,hyp
tanin,gazete,hyp
somon,hayvan,hyp
bergamot,meyve,hyp
kuğu,hayvan,hyp
nijerya,ülke,hyp
havan,alet,hyp
beyzbol,spor,hyp
karalahana,sebze,hyp
boks,spor,hyp
limonata,içecek,hyp
tavuk,hayvan,hyp
gazoz,içecek,hyp
dişçi,meslek,hyp
izlanda,ülke,hyp
ığdır,il,hyp
malta,ülke,hyp
bitlis,il,hyp
börülce,sebze,hyp
motosiklet,spor,hyp
karayemiş,meyve,hyp
muhasebeci,meslek,hyp
er,meslek,hyp
denizli,il,hyp
akademisyen,meslek,hyp
şerbet,içecek,hyp
biber,sebze,hyp
bolivya,ülke,hyp
kars,il,hyp
fare,hayvan,hyp
kazakistan,ülke,hyp
muşmula,meyve,hyp
matkap,alet,hyp
rusya,ülke,hyp
matematikçi,meslek,hyp
karabük,il,hyp
kktc,ülke,hyp
hindistan,ülke,hyp
zambiya,ülke,hyp
maraş,il,hyp
kore,ülke,hyp
voleybol,spor,hyp
pars,hayvan,hyp
ankara,il,hyp
hentbol,spor,hyp
sivrisinek,hayvan,hyp
ördek,hayvan,hyp
kertenkele,hayvan,hyp
paten,spor,hyp
üzüm,meyve,hyp
çankırı,il,hyp
lama,hayvan,hyp
karayip,ülke,hyp
şeftali,meyve,hyp
penguen,hayvan,hyp
uskumru,hayvan,hyp
amasya,il,hyp
at,hayvan,hyp
nörolog,meslek,hyp
erzincan,il,hyp
mandalina,meyve,hyp
koç,hayvan,hyp
televizyon,alet,hyp
röntgen,meslek,hyp
örümcek,hayvan,hyp
serçe,hayvan,hyp
şırnak,il,hyp
kama,alet,hyp
kavun,meyve,hyp
bıçak,alet,hyp
sosyolog,meslek,hyp
kosova,ülke,hyp
kolombiya,ülke,hyp
eğitim,meslek,hyp
türkiye,ülke,hyp
litvanya,ülke,hyp
kostarika,ülke,hyp
aerobik,spor,hyp
fil,hayvan,hyp
kanyak,içecek,hyp
triatlon,spor,hyp
japonya,ülke,hyp
psikiyatr,meslek,hyp
tornavida,alet,hyp
alkol,içecek,hyp
eşek,hayvan,hyp
grönland,ülke,hyp
afganistan,ülke,hyp
eskişehir,il,hyp
danimarka,ülke,hyp
kahve,içecek,hyp
keklik,hayvan,hyp
yunanistan,ülke,hyp
gündüz,gazete,hyp
güvenlik,meslek,hyp
ürdün,ülke,hyp
istanbul,il,hyp
uruguay,ülke,hyp
kuzu,hayvan,hyp
kabak,sebze,hyp
oğlak,hayvan,hyp
sığır,hayvan,hyp
ebe,meslek,hyp
çin,ülke,hyp
vietnam,ülke,hyp
uganda,ülke,hyp
müşavir,meslek,hyp
çorlu,il,hyp
su,içecek,hyp
ulus,gazete,hyp
okçuluk,spor,hyp
hekim,meslek,hyp
bankacı,meslek,hyp
sinop,il,hyp
polonya,ülke,hyp
batman,il,hyp
kenya,ülke,hyp
erbaş,meslek,hyp
tgrt,gazete,hyp
manda,hayvan,hyp
tarihçi,meslek,hyp
filipinler,ülke,hyp
araştırmacı,meslek,hyp
finlandiya,ülke,hyp
midye,hayvan,hyp
limon,sebze,hyp
takım,alet,hyp
asker,meslek,hyp
böcek,hayvan,hyp
samsun,il,hyp
kırşehir,il,hyp
muğla,il,hyp
adapazarı,il,hyp
papaya,meyve,hyp
nevşehir,il,hyp
başmüfettiş,meslek,hyp
fizyoterapist,meslek,hyp
kefal,hayvan,hyp
tekniker,meslek,hyp
kola,içecek,hyp
yozgat,il,hyp
badminton,spor,hyp
veteriner,meslek,hyp
tenis,spor,hyp
kilis,il,hyp
isparta,il,hyp
pırasa,sebze,hyp
cumhuriyet,gazete,hyp
letonya,ülke,hyp
antep,il,hyp
karadağ,ülke,hyp
fındık,meyve,hyp
kiraz,meyve,hyp
afyon,il,hyp
senegal,ülke,hyp
içel,il,hyp
dalış,spor,hyp
kimyager,meslek,hyp
viski,içecek,hyp
domates,sebze,hyp
moğolistan,ülke,hyp
sansar,hayvan,hyp
ukrayna,ülke,hyp
kuşkonmaz,sebze,hyp
rakı,içecek,hyp
erzurum,il,hyp
güvercin,hayvan,hyp
artvin,il,hyp
levrek,hayvan,hyp
diyarbakır,il,hyp
hakkari,il,hyp
kekik,sebze,hyp
slovenya,ülke,hyp
havuç,meyve,hyp
güreş,spor,hyp
sazan,hayvan,hyp
türkmenistan,ülke,hyp
norveç,ülke,hyp
tanzanya,ülke,hyp
kontrolör,meslek,hyp
geyik,hayvan,hyp
vişne,meyve,hyp
alabalık,hayvan,hyp
maymun,hayvan,hyp
soğan,sebze,hyp
ermenistan,ülke,hyp
ingiltere,ülke,hyp
fanatik,gazete,hyp
cibuti,ülke,hyp
ananas,meyve,hyp
etiyopya,ülke,hyp
kabak,meyve,hyp
nar,meyve,hyp
iğne,alet,hyp
ejderha,hayvan,hyp
kaplan,hayvan,hyp
gürcistan,ülke,hyp
hindi,hayvan,hyp
deve,hayvan,hyp
mısır,sebze,hyp
bilecik,il,hyp
hıyar,sebze,hyp
çay,içecek,hyp
avusturya,ülke,hyp
kırıkkale,il,hyp
elazığ,il,hyp
avcılık,spor,hyp
iran,ülke,hyp
malatya,il,hyp
enginar,sebze,hyp
yelken,spor,hyp
şili,ülke,hyp
urfa,il,hyp
ceviz,meyve,hyp
mozambik,ülke,hyp
ilahiyatçı,meslek,hyp
macaristan,ülke,hyp
tunceli,il,hyp
sabah,gazete,hyp
tayvan,ülke,hyp
turp,sebze,hyp
şurup,içecek,hyp
umman,ülke,hyp
marangoz,meslek,hyp
monako,ülke,hyp
angola,ülke,hyp
çakı,alet,hyp
edirne,il,hyp
kıbrıs,ülke,hyp
sardalye,hayvan,hyp
bugün,gazete,hyp
muz,meyve,hyp
paprika,sebze,hyp
arabistan,ülke,hyp
isviçre,ülke,hyp
incir,meyve,hyp
diyetisyen,meslek,hyp
kongo,ülke,hyp
meksika,ülke,hyp
kedigiller,hayvan,hyp
arjantin,ülke,hyp
zelanda,ülke,hyp
brokoli,sebze,hyp
folklor,spor,hyp
bangladeş,ülke,hyp
gümüşhane,il,hyp
niğde,il,hyp
şoför,meslek,hyp
rize,il,hyp
mimar,meslek,hyp
nane,sebze,hyp
makas,alet,hyp
hersek,ülke,hyp
izci,spor,hyp
britanya,ülke,hyp
filistin,ülke,hyp
zerdeçal,sebze,hyp
çek,ülke,hyp
sırbistan,ülke,hyp
atletizm,spor,hyp
brezilya,ülke,hyp
hollanda,ülke,hyp
kürek,spor,hyp
günaydın,gazete,hyp
tavşan,hayvan,hyp
güneş,gazete,hyp
trurunçgil,meyve,hyp
çağla,meyve,hyp
bosna,ülke,hyp
tunus,ülke,hyp
amerika,ülke,hyp
levye,alet,hyp
kereviz,sebze,hyp
muhabir,meslek,hyp
gine,ülke,hyp
kaykay,spor,hyp
manisa,il,hyp
akrep,hayvan,hyp
akit,gazete,hyp
anestezist,meslek,hyp
müfettiş,meslek,hyp
yugoslavya,ülke,hyp
mercimek,sebze,hyp
yeşilbiber,sebze,hyp
adana,il,hyp
konya,il,hyp
boza,içecek,hyp
hırvatistan,ülke,hyp
yemen,ülke,hyp
sivas,il,hyp
başöğretmen,meslek,hyp
ıhlamur,içecek,hyp
arnavutluk,ülke,hyp
azerbaycan,ülke,hyp
trabzon,il,hyp
greyfurt,meyve,hyp
işçi,meslek,hyp
balık,hayvan,hyp
heykeltıraş,meslek,hyp
sörf,spor,hyp
teknisyen,meslek,hyp
tüfek,alet,hyp
belçika,ülke,hyp
bilardo,spor,hyp
kakao,içecek,hyp
fesleğen,sebze,hyp
kayak,spor,hyp
kütahya,il,hyp
şanlıurfa,il,hyp
sudan,ülke,hyp
tercüman,gazete,hyp
kayısı,meyve,hyp
dut,meyve,hyp
singapur,ülke,hyp
öğretmen,meslek,hyp
makine,alet,hyp
gana,ülke,hyp
astronom,meslek,hyp
iskenderun,il,hyp
patlıcan,sebze,hyp
kırgızistan,ülke,hyp
tayland,ülke,hyp
amiral,meslek,hyp
köpek,hayvan,hyp
zerdali,meyve,hyp
mersin,il,hyp
bisiklet,spor,hyp
horoz,hayvan,hyp
fizikçi,meslek,hyp
slovakya,ülke,hyp
çakal,hayvan,hyp
salyangoz,hayvan,hyp
baykuş,hayvan,hyp
ayva,meyve,hyp
çorum,il,hyp
honduras,ülke,hyp
libya,ülke,hyp
çekiç,alet,hyp
bezelye,sebze,hyp
sscb,ülke,hyp
pancar,sebze,hyp
çekoslovakya,ülke,hyp
gazeteci,meslek,hyp
prusya,ülke,hyp
iskandinavya,ülke,hyp
şarap,içecek,hyp
tacikistan,ülke,hyp
telgraf,alet,hyp
halter,spor,hyp
jimnastik,spor,hyp
eskrim,spor,hyp
hatay,il,hyp
irak,ülke,hyp
star,gazete,hyp
sinek,hayvan,hyp
golf,spor,hyp
venezuela,ülke,hyp
patates,sebze,hyp
ordu,il,hyp
kahramanmaraş,il,hyp
fas,ülke,hyp
keçi,hayvan,hyp
inek,hayvan,hyp
keser,alet,hyp
glikoz,içecek,hyp
kuşburnu,meyve,hyp
isveç,ülke,hyp
zonguldak,il,hyp
avukat,meslek,hyp
çanakkale,il,hyp
cola,içecek,hyp
hemşire,meslek,hyp
zaman,gazete,hyp
antakya,il,hyp
şalgam,sebze,hyp
konyak,içecek,hyp
portakal,meyve,hyp
estonya,ülke,hyp
özbekistan,ülke,hyp
almanya,ülke,hyp
turunçgiller,meyve,hyp
pazı,sebze,hyp
çat,ülke,hyp
romanya,ülke,hyp
politika,meslek,hyp
denizatı,hayvan,hyp
öküz,hayvan,hyp
karaca,hayvan,hyp
yengeç,hayvan,hyp
çavuş,meslek,hyp
masör,meslek,hyp
kocaeli,il,hyp
abhazya,ülke,hyp
sarımsak,sebze,hyp
balıkesir,il,hyp
şampanya,içecek,hyp
kivi,meyve,hyp
televizyonculuk,meslek,hyp
kaynak,alet,hyp
badem,meyve,hyp
akp,örgüt,hyp
antropoloji,bilim,hyp
ardıç,baharat,hyp
arzu,duygu,hyp
aşk,duygu,hyp
astım,hastalık,hyp
astronomi,bilim,hyp
atlet,elbise,hyp
bakır,mineral,hyp
biberiye,baharat,hyp
biyoloji,bilim,hyp
bm,örgüt,hyp
bronşit,hastalık,hyp
ceket,elbise,hyp
cesaret,duygu,hyp
chp,örgüt,hyp
çinko,mineral,hyp
çorap,elbise,hyp
dans,sanat,hyp
demir,mineral,hyp
dünya,gezegen,hyp
edebiyat,sanat,hyp
eşarp,elbise,hyp
etek,elbise,hyp
farenjit,hastalık,hyp
felsefe,bilim,hyp
fen,bilim,hyp
fesleğen,baharat,hyp
fizik,bilim,hyp
flor,mineral,hyp
florür,mineral,hyp
fosfor,mineral,hyp
fular,elbise,hyp
gri,bilim,hyp
grip,hastalık,hyp
hardal,baharat,hyp
heyecan,duygu,hyp
heykel,sanat,hyp
iksv,örgüt,hyp
imkb,örgüt,hyp
ishal,hastalık,hyp
iyot,mineral,hyp
jüpiter,gezegen,hyp
kahverengi,renk,hyp
kalsiyum,mineral,hyp
karabiber,gezegen,hyp
kemer,elbise,hyp
kimya,bilim,hyp
kırmızı,renk,hyp
klorid,mineral,hyp
kobalt,mineral,hyp
korku,duygu,hyp
kravat,elbise,hyp
krom,mineral,hyp
kükürt,mineral,hyp
külot,elbise,hyp
lacivert,renk,hyp
magnezyum,mineral,hyp
manganez,mineral,hyp
mars,gezegen,hyp
matematik,bilim,hyp
mavi,renk,hyp
menenjit,hastalık,hyp
merak,duygu,hyp
merkür,gezegen,hyp
mhp,örgüt,hyp
müsiad,örgüt,hyp
mutluluk,duygu,hyp
müzik,sanat,hyp
nane,baharat,hyp
nefret,duygu,hyp
neptün,gezegen,hyp
nezle,hastalık,hyp
öfke,duygu,hyp
pantolon,elbise,hyp
pembe,renk,hyp
potasyum,mineral,hyp
psikoloji,bilim,hyp
reflü,hastalık,hyp
resim,sanat,hyp
rezene,baharat,hyp
roman,sanat,hyp
safran,baharat,hyp
şapka,elbise,hyp
sarı,renk,hyp
satürn,gezegen,hyp
selenyum,mineral,hyp
sevgi,duygu,hyp
sevinç,duygu,hyp
sinema,sanat,hyp
sinüzit,hastalık,hyp
siyah,renk,hyp
siyaset,bilim,hyp
sodyum,mineral,hyp
sosyoloji,bilim,hyp
suçluluk,duygu,hyp
sumak,baharat,hyp
sütyen,elbise,hyp
tarçın,baharat,hyp
tbmm,örgüt,hyp
tcdd,örgüt,hyp
tere,baharat,hyp
tff,örgüt,hyp
tiyatro,sanat,hyp
tmmob,örgüt,hyp
turuncu,renk,hyp
tüsiad,örgüt,hyp
uranüs,gezegen,hyp
üzüntü,duygu,hyp
venüs,gezegen,hyp
yeşil,renk,hyp
zatürre,hastalık,hyp
zencefil,baharat,hyp
zerdeçal,baharat,hyp
