düş,gerçek,ant
parlak,mat,ant
içecek,likör,hyp
yazı,ova,syn
saç,kapı,unrel
hayvan,ıstakoz,hyp
amel,iş,syn
alet,süpürge,hyp
sebze,salatalık,hyp
gazete,reklam,mer
kahve,balık,unrel
meslek,polis,hyp
mesafe,ara,syn
bina,salon,mer
gemi,tank,mer
dünya,amerika,mer
bencil,özgecil,ant
sebze,bakla,hyp
takım,hücum,mer
il,adıyaman,hyp
bakış,nazar,syn
netice,sonuç,syn
bayağı,adi,syn
harp,savaş,syn
ucuz,pahalı,ant
insan,yetenek,mer
çocuk,yaş,mer
neşeli,üzgün,ant
negatif,pozitif,ant
verimli,verimsiz,ant
meyve,kızılcık,hyp
elbise,dosya,unrel
hayvan,kurt,hyp
hayvan,karasinek,hyp
file,ağ,syn
ev,kol,unrel
sap,seyirci,unrel
itina,özen,syn
dana,sandalye,unrel
ceviz,koz,syn
suçlu,masum,ant
kart,körpe,ant
insan,duygu,mer
birinci,sonuncu,ant
tekil,çoğul,ant
meyve,çilek,hyp
aidat,silah,unrel
alaz,alev,syn
çocuk,aile,mer
kitap,hak,mer
devlet,politika,mer
gözlem,rasat,syn
çekirdek,saat,unrel
alet,keski,hyp
kadın,kişilik,mer
futbol,gol,mer
il,kastamonu,hyp
pahalı,ucuz,ant
hasta,kanser,mer
meslek,hukuk,hyp
ayak,örtü,unrel
alet,sopa,hyp
kol,fırın,unrel
meslek,senarist,hyp
ülke,lübnan,hyp
il,yalova,hyp
ülke,dubai,hyp
gemi,yer,mer
film,aidat,unrel
alet,kazma,hyp
hayvan,doğan,hyp
meyve,yelkovan,unrel
ülke,iskoçya,hyp
kadın,partner,mer
havuz,köy,unrel
taraf,yan,syn
lamba,ekran,unrel
hayvan,sıçan,hyp
hayvan,çekirge,hyp
ham,olmamış,syn
ülke,guatemala,hyp
spor,koşu,hyp
cep,nüfus,unrel
başkent,başşehir,syn
dargın,küs,syn
nakil,atama,syn
hasta,fıtık,mer
şuur,bilinç,syn
rüya,düş,syn
şef,lider,syn
gazete,gündem,hyp
bayındırlık,imar,syn
hayvan,koyun,hyp
türkiye,nüfus,mer
meyve,ahududu,hyp
şer,hayır,ant
şehir,kapı,unrel
ödlek,korkak,syn
meslek,biyolog,hyp
muharebe,savaş,syn
alet,teçhizat,hyp
biricik,tek,syn
beyanat,demeç,syn
tekerlek,hayvan,unrel
acayip,garip,syn
spor,kriket,hyp
ülke,hongkong,hyp
keder,acı,syn
gemi,alan,mer
devlet,koruma,mer
takım,hollanda,mer
sınıf,derslik,syn
bina,cephe,mer
komik,gülünç,syn
adet,tane,syn
vesika,belge,syn
iniş,çıkış,ant
frekans,vitamin,unrel
il,burdur,hyp
aksi,ters,syn
beygir,at,syn
ülke,ekvador,hyp
lama,deve,syn
hayvan,köstebek,hyp
bereket,bolluk,syn
il,tekirdağ,hyp
futbol,kural,mer
ithalat,ihracat,ant
kapak,apartman,unrel
hayvan,aslan,hyp
hayvan,karides,hyp
alet,silah,hyp
takım,galibiyet,mer
hayvan,dana,hyp
insan,eğilim,mer
başkaldırı,isyan,syn
takım,hedef,mer
devlet,güvenlik,mer
kitap,tarih,mer
düzyazı,nesir,syn
dünya,demokrasi,mer
gemi,üzer,mer
sahil,kıyı,syn
cins,tür,syn
nem,rutubet,syn
ülke,elbise,unrel
dil,lisan,syn
ülke,italya,hyp
insan,vicdan,mer
meyve,armut,hyp
kalem,bulut,unrel
sıcak,soğuk,ant
yüz,surat,syn
özlem,hasret,syn
kadın,baş,mer
dünya,kent,mer
parmak,telefon,unrel
hayvan,panter,hyp
halbuki,oysa,syn
yokuş,iniş,ant
gövde,bardak,unrel
tel,ev,unrel
edebiyat,yazın,syn
il,ağrı,hyp
ek,ilave,syn
banyo,akşam,unrel
tuz,çanta,unrel
felç,nüzul,syn
düğme,sandale,unrel
bilgisayar,özellik,mer
insan,ev,mer
zaman,vakit,syn
derslik,sınıf,syn
misafir,konuk,syn
futbol,bonservis,mer
meyve,erik,hyp
fakir,fukara,syn
çatı,şehir,unrel
siyah,beyaz,ant
gazete,figaro,hyp
takım,çeyrek,mer
bilgisayar,kedi,unrel
sırt,göğüs,ant
meyve,kedi,unrel
ilişki,münasebet,syn
dışalım,ithalat,syn
kolay,basit,syn
devlet,yasa,mer
türkiye,yatırım,mer
yurt,vatan,syn
cimri,pinti,syn
il,tokat,hyp
deniz,meyve,unrel
kadın,menopoz,mer
cerrah,operatör,syn
meslek,terzi,hyp
ilan,duyuru,syn
ülke,peru,hyp
basımevi,matbaa,syn
diş,tava,unrel
kadın,risk,mer
alet,murç,hyp
matem,yas,syn
meslek,sanatçı,hyp
şirket,düğme,unrel
sap,ürün,unrel
mana,anlam,syn
kadın,iş,mer
hasta,risk,mer
gazete,times,hyp
kafa,sap,unrel
büyük,küçük,ant
türkiye,hukuk,mer
insan,göz,mer
muallim,öğretmen,syn
ülke,kuveyt,hyp
köpek,lamba,unrel
il,siirt,hyp
pantalon,kitap,unrel
uyum,ahenk,syn
taze,bayat,ant
pencere,fırın,unrel
yasa,kanun,syn
hayvan,kuş,hyp
meslek,başmühendis,hyp
dar,geniş,ant
türkiye,kurul,mer
hisse,pay,syn
ülke,uk,hyp
tesir,etki,syn
mübarek,kutsal,syn
gemi,alt,mer
il,sakarya,hyp
futbol,antrenör,mer
dünya,metropol,mer
gemi,mürettebat,mer
afacan,uslu,ant
çocuk,ishal,mer
meslek,balıkçı,hyp
il,kayseri,hyp
gemi,ambar,mer
ülke,somali,hyp
feza,uzay,syn
alet,levha,hyp
kitap,bölüm,mer
özen,itina,syn
boylam,enlem,ant
yakın,uzak,ant
savaş,harp,syn
çocuk,anne,mer
nefes,soluk,syn
takım,şampiyonluk,mer
lavabo,çekirdek,unrel
mine,gazete,unrel
dünya,pazar,mer
dünya,şirket,mer
alet,balta,hyp
söylev,nutuk,syn
cazibe,çekim,syn
orman,saat,unrel
doğru,çarpık,ant
dahil,iç,syn
il,bartın,hyp
kuyruk,masa,unrel
sehpa,kıyı,unrel
gazete,haber,hyp
kılçık,minder,unrel
ülke,panama,hyp
hayvan,boğa,hyp
ülke,cezayir,hyp
meslek,subay,hyp
tabip,hekim,syn
futbol,kupa,mer
ülke,madagaskar,hyp
çukur,tümsek,ant
insan,merak,mer
ihtiyar,genç,ant
ülke,malezya,hyp
cam,başkent,unrel
tava,insan,unrel
besin,gıda,syn
ehemmiyet,önem,syn
televizyon,kedi,unrel
saat,meyve,unrel
il,gaziantep,hyp
kadın,yasak,mer
ürün,kaptan,unrel
devlet,kurum,mer
civar,yöre,syn
bağımsızlık,tutsaklık,ant
insan,varlık,mer
ağaç,lavabo,unrel
üye,aza,syn
sene,yıl,syn
futbol,maç,mer
çocuk,bilgisayar,mer
ülke,lüksemburg,hyp
haysiyet,onur,syn
aş,yemek,syn
tümce,cümle,syn
fare,sıçan,syn
türkiye,demokrasi,mer
zarar,ziyan,syn
mesut,mutlu,syn
uzun,kısa,ant
sima,yüz,syn
meslek,danışman,hyp
hasta,tümör,mer
kırmızı,al,syn
ana,anne,syn
türkiye,borç,mer
var,yok,ant
kadın,rahim,mer
ülke,sigara,unrel
askı,post,unrel
alet,cihaz,hyp
önce,evvel,syn
çarpma,bölme,ant
insan,kafa,mer
meslek,tabip,hyp
çocuk,ebeveyn,mer
kalp,yürek,syn
devlet,vatandaş,mer
uslu,yaramaz,ant
hayvan,kaplumbağa,hyp
meslek,profesör,hyp
köpek,çerçeve,unrel
lahza,an,syn
ülke,namibya,hyp
viraj,dönemeç,syn
il,bayburt,hyp
gemi,yan,mer
donuk,parlak,ant
merasim,tören,syn
spor,tekvando,hyp
çocuk,sağlık,mer
bahçe,uçak,unrel
hayvan,gergedan,hyp
türkiye,ihtiyaç,mer
fark,ayrım,syn
alet,satır,hyp
üretim,tüketim,ant
bina,inşaat,mer
iskemle,sandalye,syn
meslek,sekreter,hyp
ülke,dominik,hyp
bina,cam,mer
kıyı,sahil,syn
içecek,cin,hyp
milletvekili,mebus,syn
baca,sehpa,unrel
kapı,koli,unrel
nehir,kapak,unrel
serüven,macera,syn
bilgisayar,dış,mer
gazete,yıl,mer
şayet,eğer,syn
banyo,gövde,unrel
gazete,ekin,mer
gemi,taraf,mer
spor,atıcılık,hyp
meslek,siyaset,hyp
ümit,umut,syn
takım,lig,mer
bilgisayar,ünite,mer
spor,izcilik,hyp
türkiye,müzakere,mer
kıl,pul,unrel
telefon,koyun,unrel
öteki,diğeri,syn
şehir,cezve,unrel
kitap,ara,mer
kafa,çiçek,unrel
futbol,saha,mer
kol,ritm,unrel
ağaç,ülke,unrel
faiz,nema,syn
fırın,oda,unrel
takım,eksik,mer
bilgisayar,birim,mer
cimri,hasis,syn
ülke,fiji,hyp
menfaat,çıkar,syn
gemi,yelken,mer
ikaz,uyarı,syn
ülke,fransa,hyp
hasta,katarakt,mer
kalem,su,unrel
tasdik,onay,syn
ödenti,aidat,syn
dünya,petrol,mer
döşek,yatak,syn
lafazan,geveze,syn
hasta,belirti,mer
mesul,sorumlu,syn
amale,işçi,syn
türkiye,ekonomi,mer
örnek,misal,syn
dolap,burun,unrel
meslek,mühendis,hyp
ayak,teneke,unrel
insan,hayat,mer
dünya,fabrika,mer
örneğin,mesele,syn
nitelik,kalite,syn
şeref,onur,syn
gemi,hayvan,unrel
mecbur,zorunlu,syn
uzak,yakın,ant
değnek,sopa,syn
akıl,us,syn
meslek,avcı,hyp
takım,gol,mer
çocuk,enfeksiyon,mer
kulp,dana,unrel
diri,canlı,syn
dönemeç,viraj,syn
merdiven,sap,unrel
ülke,nikaragua,hyp
yaş,islak,syn
kolay,zor,ant
berrak,duru,syn
katı,yumuşak,ant
ekonomi,iktisat,syn
şehir,kent,syn
nesil,kuşak,syn
hayvan,leopar,hyp
ülke,liberya,hyp
müsait,uygun,syn
hassas,duygulu,syn
köpek,cam,unrel
gemi,mal,mer
devlet,insan,mer
spor,futbol,hyp
yetenek,kabiliyet,syn
il,giresun,hyp
sömestri,yarıyıl,syn
takım,güç,mer
ülke,merdiven,unrel
ebedi,sonsuz,syn
hususi,özel,syn
hasta,bulgu,mer
son,nihayet,syn
fayda,yarar,syn
içecek,votka,hyp
fiş,komşu,unrel
yerli,yabancı,ant
türkiye,parti,mer
apartman,orman,unrel
spor,karate,hyp
sanayi,endüstri,syn
futbol,lig,mer
tartışma,münakaşa,syn
fiş,minder,unrel
il,mardin,hyp
borç,alacak,ant
korkak,cesur,ant
sebze,fasulye,hyp
devlet,iş,mer
beraber,birlikte,syn
büro,ofis,syn
mani,engel,syn
hayvan,domuz,hyp
ülke,küba,hyp
mükafat,ödül,syn
temiz,kirli,ant
meslek,astsubay,hyp
ülke,abd,hyp
insan,korku,mer
alet,tarayıcı,hyp
devlet,hak,mer
ülke,endonezya,hyp
futbol,galatasaray,mer
gözlük,kemik,unrel
hariç,dış,syn
insan,bilgi,mer
al,kırmızı,syn
meyve,zeytin,hyp
meslek,arkeolog,hyp
fiil,eylem,syn
devlet,destek,mer
türkiye,avrupa,mer
alet,tabanca,hyp
il,muş,hyp
vasıta,araç,syn
gazete,istiklâl,hyp
kitap,konu,mer
nüfus,fermuar,unrel
meyve,iğde,hyp
post,dolap,unrel
çehre,yüz,syn
alet,zırh,hyp
endüstri,sanayi,syn
misal,örnek,syn
meslek,doçent,hyp
gazete,ilan,mer
öneri,teklif,syn
önemli,mühim,syn
beyhude,boşuna,syn
kulak,çekmece,unrel
cevap,soru,ant
gelir,gider,ant
ülke,nepal,hyp
devir,tur,syn
meyve,turunç,hyp
türkiye,kıbrıs,mer
takım,oyun,mer
değerli,kıymetli,syn
mahcup,utangaç,syn
ülke,pakistan,hyp
yapıt,eser,syn
esas,temel,syn
bucak,nahiye,syn
spor,yüzücülük,hyp
ülke,kanada,hyp
meslek,tercümanlık,hyp
önlem,tedbir,syn
hasta,rahatsızlık,mer
füze,roket,syn
meslek,doktor,hyp
kitap,iç,mer
lider,önder,syn
takım,yıldız,mer
çocuk,kardeş,mer
spor,polo,hyp
bina,taraf,mer
meslek,pedagog,hyp
gazete,nüsha,mer
uçak,tayyare,syn
özgür,hür,syn
kadın,anne,mer
aferin,bravo,syn
rastlantı,tesadüf,syn
tertip,düzen,syn
ülke,moldova,hyp
alet,telsiz,hyp
isim,ad,syn
sebze,kapari,hyp
hayvan,çipura,hyp
ülke,çeçenistan,hyp
gazete,gazetecilik,mer
hırçın,uysal,ant
gazete,independent,hyp
kadın,problem,mer
bina,ön,mer
kabuk,kenar,unrel
spor,judo,hyp
gazete,manşet,mer
sebze,marul,hyp
hayvan,zürafa,hyp
alet,yazıcı,hyp
ülke,togo,hyp
gazete,vatan,hyp
ülke,sovyet,hyp
il,aksaray,hyp
insan,beklenti,mer
samimi,içten,syn
bayındır,mamur,syn
kent,şehir,syn
türkiye,reform,mer
doktor,hekim,syn
birden,ani,syn
bilim,ilim,syn
caka,gösteriş,syn
insan,din,mer
gülünç,komik,syn
sebze,salata,hyp
dünya,havza,mer
sebze,lahana,hyp
çocuk,zekâ,mer
duygu,his,syn
dünya,sur,mer
meşrubat,içecek,syn
türkiye,güvenlik,mer
sonbahar,güz,syn
öz,üvey,ant
türkiye,hükümet,mer
meslek,sağlık,hyp
hasta,tıkanıklık,mer
bilgisayar,üzer,mer
çimen,müzik,unrel
bencil,egoist,syn
el,rüzgar,unrel
il,antalya,hyp
hayvan,arı,hyp
il,bolu,hyp
insan,hastalık,mer
futbol,başarı,mer
spor,dans,hyp
devlet,vergi,mer
hayvan,kedi,hyp
hayvan,ahtapot,hyp
ülke,israil,hyp
şehir,tezgah,unrel
ülke,makedonya,hyp
kuzey,güney,ant
ekran,havlu,unrel
il,izmir,hyp
meyve,palamut,hyp
sebze,mantar,hyp
radyo,kilit,unrel
meslek,denetmen,hyp
aç,tok,ant
öfke,hiddet,syn
takım,fenerbahçe,mer
il,bingöl,hyp
ülke,mısır,hyp
meslek,asistan,hyp
vitamin,ilik,unrel
balık,ülke,unrel
zehir,agu,syn
türkiye,devlet,mer
spor,briç,hyp
telefon,lamba,unrel
tüy,tuz,unrel
ülke,portekiz,hyp
amaç,erek,syn
yatak,haber,unrel
takım,kupa,mer
dünya,köşe,mer
meyve,hurma,hyp
sebze,dereot,hyp
devlet,olanak,mer
çocuk,hasta,mer
çabuk,acele,syn
genç,yaşlı,ant
birdenbire,aniden,syn
gerçek,sahte,ant
türkiye,konsey,mer
tüm,bütün,syn
hayvan,balina,hyp
buhran,bunalım,syn
hayat,yaşam,syn
meslek,yönetici,hyp
zayıf,şişman,ant
hayvan,yılan,hyp
çocuk,gelişim,mer
çocuk,tedavi,mer
meslek,nakliyeci,hyp
spor,cirit,hyp
sap,pantalon,unrel
hasta,sendrom,mer
çiçek,baca,unrel
kadın,aşk,mer
edat,ilgeç,syn
cihet,yön,syn
takım,kaptan,mer
kir,pislik,syn
mesele,sorun,syn
yanıt,cevap,syn
dize,mısra,syn
gazete,çekirdek,unrel
gebe,hamile,syn
meyve,karpuz,hyp
kuvvet,güç,syn
meslek,müteahhit,hyp
ödül,mükafat,syn
bina,yapı,syn
karşıt,zıt,syn
kara,siyah,syn
alet,kürek,hyp
cehalet,bilgisizlik,syn
beyaz,ak,syn
ayakkabı,pabuç,syn
ata,cet,syn
kaptan,kol,unrel
il,karaman,hyp
arıza,bozukluk,syn
acemi,usta,ant
gazete,milliyet,hyp
ev,ülke,unrel
gazete,ege,mer
boylam,meridyen,syn
tohum,tel,unrel
kol,yatak,unrel
politika,siyaset,syn
vakit,zaman,syn
iktisat,ekonomi,syn
kitap,sayı,mer
dünya,islam,mer
meyve,limon,hyp
meslek,bilim,hyp
sevinç,mutluluk,syn
alet,telefon,hyp
insan,beyin,mer
kadın,koca,mer
kitap,üzer,mer
dünya,yaşam,mer
saldırı,hücum,syn
ömür,hayat,syn
hasta,hemoroit,mer
şair,ozan,syn
kabza,ev,unrel
spor,step,hyp
müşteri,alıcı,syn
enlem,paralel,syn
burun,motorsiklet,unrel
cenup,güney,syn
ülke,moritanya,hyp
çocuk,sorun,mer
hayvan,leylek,hyp
cılız,gürbüz,ant
yatak,tekerlek,unrel
bina,değer,mer
gazete,istiklal,hyp
hasta,şikâyet,mer
doğru,eğri,ant
müspet,olumlu,syn
insan,inanç,mer
içecek,süt,hyp
dünya,ulus,mer
kadın,eş,mer
kış,yaz,ant
kanun,yasa,syn
devlet,polis,mer
tane,adet,syn
izah,açıklama,syn
soylu,asil,syn
meslek,psikolog,hyp
türkiye,gündem,mer
türkiye,birlik,mer
sınav,imtihan,syn
tezgah,ülke,unrel
meslek,laborant,hyp
durum,vaziyet,syn
il,van,hyp
hasta,romatizma,mer
çiçek,radyo,unrel
gözlük,akrep,unrel
sebze,roka,hyp
kadın,dert,mer
avize,düğme,unrel
il,uşak,hyp
takım,antrenör,mer
hasta,alerji,mer
ülke,suriye,hyp
il,izmit,hyp
kadın,sevgili,mer
hasta,lezyon,mer
misli,katı,syn
hasta,hipertansiyon,mer
alet,teleks,hyp
içecek,soda,hyp
hayvan,istiridye,hyp
kitap,başlık,mer
cenk,savaş,syn
kabuk,dal,unrel
sorun,mesele,syn
ilim,bilim,syn
devlet,sorun,mer
hayvan,kalamar,hyp
türkiye,dava,mer
açıkgöz,kurnaz,syn
gazete,posta,hyp
ilgeç,edat,syn
aka,büyük,syn
devlet,millet,mer
batı,garp,syn
takım,forvet,mer
tencere,ağaç,unrel
gazete,akşam,hyp
zemin,çiçek,unrel
meyve,böğürtlen,hyp
dahil,hariç,ant
ileri,geri,ant
futbol,sözleşme,mer
ülke,zimbabve,hyp
biçare,zavallı,syn
devlet,yükümlülük,mer
ülke,irlanda,hyp
gıda,besin,syn
şöhret,ün,syn
dünya,dergi,mer
sebze,ıspanak,hyp
ülke,ispanya,hyp
bağnaz,yobaz,syn
içecek,fruktoz,hyp
dünya,israil,mer
tutsak,özgür,ant
lavabo,tohum,unrel
gazete,vakit,hyp
sebze,zencefil,hyp
talih,şans,syn
banyo,manşet,unrel
kadın,bozukluk,mer
meslek,uzman,hyp
onarım,tamir,syn
içecek,bira,hyp
soyut,somut,ant
acemi,toy,syn
düz,eğri,ant
gazete,hürriyet,hyp
hayvan,kurbağa,hyp
meyve,nüfus,unrel
kapı,film,unrel
il,ardahan,hyp
gazete,türkiye,hyp
katı,sert,syn
karşın,rağmen,syn
sade,gösterişli,ant
çocuk,şans,mer
erken,geç,ant
ilik,kulak,unrel
kitap,yazar,mer
meslek,stajyer,hyp
deprem,zerzele,syn
sebze,karnabahar,hyp
yüce,ulu,syn
cezve,çekirdek,unrel
yabancı,tanıdık,ant
sebze,tarhun,hyp
kurnaz,saf,ant
surat,yüz,syn
kutsal,mukaddes,syn
hudut,sınır,syn
meyve,elma,hyp
kadın,ses,mer
musluk,bulut,unrel
nazik,kaba,ant
ast,üst,ant
zabit,subay,syn
güç,kuvvet,syn
masa,küvet,unrel
futbol,oyun,mer
il,bursa,hyp
esaret,özgürlük,ant
medeniyet,uygarlık,syn
yarıyıl,sömestri,syn
bilgisayar,kart,mer
sebze,maydanoz,hyp
nesir,düzyazı,syn
vaziyet,durum,syn
hasta,siroz,mer
ilk,son,ant
çağrı,davet,syn
spor,dağcılık,hyp
islak,kuru,ant
spor,basketbol,hyp
hayvan,turna,hyp
market,gömlek,unrel
bellek,hafıza,syn
çalışkan,tembel,ant
balık,bulut,unrel
spor,binicilik,hyp
güzel,çirkin,ant
ülke,bulgaristan,hyp
arzu,istek,syn
sap,kapak,unrel
zengin,varlıklı,syn
meyve,avokado,hyp
hekim,doktor,syn
varlıklı,zengin,syn
tedbir,önlem,syn
ziraat,tarım,syn
okul,vapur,unrel
insan,para,mer
surat,sima,syn
topuk,kapak,unrel
çocuk,diş,mer
meslek,eczacı,hyp
meslek,çömlekçi,hyp
camekan,vitrin,syn
il,kırklareli,hyp
özel,hususi,syn
asil,soylu,syn
gazete,tanin,hyp
nispet,oran,syn
hayvan,somon,hyp
tapınak,mabet,syn
futbol,bedel,mer
araba,televizyon,unrel
yaşam,hayat,syn
ülke,diyar,syn
meyve,bergamot,hyp
mahpushane,hapishane,syn
dolap,muhtar,unrel
hasta,bozukluk,mer
mutfak,ağız,unrel
hayvan,kuğu,hyp
cümle,tümce,syn
sabah,akşam,ant
deniz,kara,ant
geçmiş,gelecek,ant
ülke,nijerya,hyp
alet,havan,hyp
spor,beyzbol,hyp
kadın,çocuk,mer
cevap,yanıt,syn
başvuru,müracaat,syn
devlet,banka,mer
hasta,enfeksiyon,mer
evvel,önce,syn
kafa,baş,syn
idadi,lise,syn
bulut,devlet,unrel
sebze,karalahana,hyp
dünya,teknoloji,mer
yitik,kayıp,syn
rey,oy,syn
bulut,insan,unrel
gaye,amaç,syn
kapak,ev,unrel
spor,boks,hyp
donuk,mat,syn
içecek,limonata,hyp
hayvan,tavuk,hyp
mermi,düğme,unrel
içecek,gazoz,hyp
uygun,elverişsiz,ant
ebat,boyut,syn
bina,duvar,mer
kitap,kapak,mer
yemek,aş,syn
gazete,fotoğraf,mer
insan,mutfak,unrel
meslek,dişçi,hyp
çift,tek,ant
devlet,çıkar,mer
baytar,veteriner,syn
çılgın,deli,syn
kulak,il,unrel
mahsul,ürün,syn
ülke,izlanda,hyp
il,ığdır,hyp
türkiye,süreç,mer
eylem,fiil,syn
insan,yaşam,mer
ihtiyar,yaşlı,syn
ülke,malta,hyp
il,bitlis,hyp
kapak,kat,unrel
sebze,börülce,hyp
gazete,sınıf,unrel
küs,dargın,syn
meridyen,boylam,syn
aniden,birden,syn
spor,motosiklet,hyp
meyve,karayemiş,hyp
insan,kültür,mer
gazete,görüş,mer
meslek,muhasebeci,hyp
geri,art,syn
evet,hayır,ant
meslek,er,hyp
çoğunluk,ekseriyet,syn
il,denizli,hyp
yas,matem,syn
meslek,akademisyen,hyp
devamlı,sürekli,syn
küme,grup,syn
kirli,pis,syn
hasta,sorun,mer
bilgisayar,bağlantı,mer
devlet,hizmet,mer
nakit,para,syn
kadın,eğitim,mer
yüksek,alçak,ant
tabip,doktor,syn
kumaş,kol,unrel
içecek,şerbet,hyp
tekrar,yine,syn
perde,apartman,unrel
sebze,biber,hyp
ülke,bolivya,hyp
futbol,hata,mer
il,kars,hyp
etraf,çevre,syn
hayvan,fare,hyp
bitki,nebat,syn
tarif,tanım,syn
problem,sorun,syn
kadın,ilişki,mer
ihtiyaç,gereksinim,syn
muhtar,okul,unrel
bölüm,nehir,unrel
ülke,kazakistan,hyp
dal,asansör,unrel
zırnık,metelik,syn
meyve,muşmula,hyp
uzay,feza,syn
alet,matkap,hyp
denetim,kontrol,syn
bulut,karar,unrel
elbise,giysi,syn
fakir,zengin,ant
hasta,migren,mer
ülke,rusya,hyp
meslek,matematikçi,hyp
il,karabük,hyp
çocuk,rahatsızlık,mer
ülke,memleket,syn
devlet,rol,mer
hane,ev,syn
kalem,sigara,unrel
ülke,kktc,hyp
adale,kas,syn
ülke,hindistan,hyp
mahluk,yaratık,syn
gelenek,anane,syn
ülke,zambiya,hyp
ev,konut,syn
çekirdek,şişe,unrel
il,maraş,hyp
kitap,içerik,mer
mutfak,cep,unrel
seyrek,sık,ant
kadın,duygu,mer
gemi,bayrak,mer
devlet,kuruluş,mer
sinema,kıta,unrel
ampul,bahçe,unrel
mühim,önemli,syn
ülke,kore,hyp
üleş,pay,syn
spor,voleybol,hyp
dosya,delik,unrel
kafi,yeter,syn
anlatım,ifade,syn
kitap,son,mer
hayvan,pars,hyp
il,ankara,hyp
spor,hentbol,hyp
ülkü,ideal,syn
hayvan,sivrisinek,hyp
gazete,köşe,mer
pasif,edilgen,syn
mecmua,dergi,syn
sığ,derin,ant
siyah,kara,syn
sokak,gemi,unrel
şafak,tan,syn
ürem,faiz,syn
gökyüzü,sema,syn
türkiye,komisyon,mer
hayvan,ördek,hyp
köy,anahtar,unrel
kadın,tedavi,mer
delil,kanıt,syn
hayvan,kertenkele,hyp
muhtelif,çeşitli,syn
takım,moral,mer
oda,tırnak,unrel
hasta,akne,mer
spor,paten,hyp
bekâr,evli,ant
adalet,hak,syn
arka,ön,ant
kadın,yaşam,mer
meyve,üzüm,hyp
il,çankırı,hyp
garp,batı,syn
hayvan,lama,hyp
akıllı,aptal,ant
anten,çerçeve,unrel
gövde,beden,syn
dünya,din,mer
kadın,hamilelik,mer
ülke,karayip,hyp
cüzdan,burun,unrel
devlet,istihbarat,mer
yel,rüzgar,syn
televizyon,kavanoz,unrel
kıyı,ayak,unrel
devlet,anayasa,mer
açık,kapalı,ant
kilit,yönetmen,unrel
konut,ev,syn
fert,birey,syn
takım,destek,mer
allah,tanrı,syn
gazete,yaş,mer
şüphe,kuşku,syn
meyve,şeftali,hyp
galip,mağlup,ant
hayvan,penguen,hyp
gemi,köşk,mer
umut,ümit,syn
tren,şimendifer,syn
nadir,ender,syn
faktör,unsur,syn
yaşlı,ihtiyar,syn
us,akıl,syn
gazete,sayfa,mer
hayvan,uskumru,hyp
il,amasya,hyp
bilgisayar,saat,mer
hayvan,at,hyp
okul,içki,unrel
çocuk,özellik,mer
cerahat,irin,syn
akrep,bilgisayar,unrel
tören,merasim,syn
tanık,şahit,syn
meslek,nörolog,hyp
il,erzincan,hyp
kalem,bina,unrel
kedi,şirket,unrel
temel,esas,syn
meyve,mandalina,hyp
fikir,düşünce,syn
hayvan,koç,hyp
takım,kaleci,mer
deli,çılgın,syn
alet,televizyon,hyp
meslek,röntgen,hyp
dert,derman,ant
kadın,yaş,mer
okul,mektep,syn
çocuk,problem,mer
hayvan,örümcek,hyp
çocuk,güçlük,mer
futbol,şike,mer
celse,oturum,syn
zengin,fakir,ant
hayvan,serçe,hyp
duru,bulanık,ant
bilgisayar,bellek,mer
il,şırnak,hyp
cılız,sıska,syn
tencere,frekans,unrel
tercüme,çeviri,syn
çocuk,bozukluk,mer
art,arka,syn
kadın,hak,mer
yargıç,hakim,syn
darbe,vuruş,syn
yüz,kılçık,unrel
futbol,sakat,mer
merkep,eşek,syn
kabiliyet,yetenek,syn
dünya,savaş,mer
şahit,tanık,syn
alet,kama,hyp
öbek,grup,syn
ayakkabı,köpek,unrel
bilgisayar,yapı,mer
irak,uzak,syn
takım,başarı,mer
cam,düğme,unrel
bina,çevre,mer
buzdolabı,trafik,unrel
bozkır,step,syn
kadın,hikâye,mer
apartman,tütün,unrel
meyve,kavun,hyp
kuş,anten,unrel
alet,bıçak,hyp
düşünce,fikir,syn
benlik,kişilik,syn
gazete,yazı,mer
meslek,sosyolog,hyp
şehir,burun,unrel
bilgisayar,fiyat,mer
ziyan,zarar,syn
ülke,kosova,hyp
ülke,kolombiya,hyp
meslek,eğitim,hyp
ülke,türkiye,hyp
futbol,sıkıntı,mer
cimri,cömert,ant
ülke,litvanya,hyp
doğal,tabii,syn
ülke,kostarika,hyp
türkiye,çıkar,mer
spor,aerobik,hyp
gelecek,istikbal,syn
hayvan,fil,hyp
içecek,kanyak,hyp
seyirci,kulak,unrel
tiyatro,tütsü,unrel
noksan,eksik,syn
spor,triatlon,hyp
koli,yatak,unrel
insan,hikâye,mer
toprak,cam,unrel
ülke,japonya,hyp
insan,düşünce,mer
meslek,psikiyatr,hyp
yaprak,kafa,unrel
alet,tornavida,hyp
içecek,alkol,hyp
kuruluş,müessese,syn
hayvan,eşek,hyp
gazete,yayın,mer
ülke,grönland,hyp
ciddi,ağırbaşlı,syn
güven,itimat,syn
dost,düşman,ant
kol,tomurcuk,unrel
doruk,zirve,syn
kitap,özet,mer
çocuk,eksik,mer
ülke,afganistan,hyp
kadın,kanser,mer
cihaz,aygıt,syn
iyi,kötü,ant
güney,cenup,syn
il,eskişehir,hyp
gramer,dilbilgisi,syn
tepsi,tiyatro,unrel
ülke,danimarka,hyp
içecek,kahve,hyp
koşul,şart,syn
türkiye,kriz,mer
deneme,tecrübe,syn
takım,ihtiyaç,mer
türkiye,ilişki,mer
futbol,trabzonspor,mer
yekün,toplam,syn
baş,kafa,syn
devlet,imkân,mer
eksik,fazla,ant
kural,kaide,syn
hayvan,keklik,hyp
çocuk,ev,mer
hiddet,öfke,syn
armağan,hediye,syn
irgat,rençber,syn
ara,fasıla,syn
ülke,yunanistan,hyp
çiçek,okul,unrel
gazete,gündüz,hyp
vilayet,il,syn
devlet,halk,mer
tecrübe,deney,syn
ahenk,uyum,syn
ufak,küçük,syn
yapay,suni,syn
sap,kanat,unrel
çağdaş,uygar,syn
meslek,güvenlik,hyp
hareket,devinim,syn
ülke,ürdün,hyp
il,istanbul,hyp
parmak,mine,unrel
çayır,davet,syn
takım,kulüp,mer
hayvan,kapı,unrel
ülke,uruguay,hyp
deri,ten,syn
hayvan,kuzu,hyp
bina,bahçe,mer
sebze,kabak,hyp
fakat,ama,syn
hayvan,oğlak,hyp
köpek,şarap,unrel
başkent,yönetici,unrel
emniyet,güvenlik,syn
çocuk,yetenek,mer
hayvan,sığır,hyp
meslek,ebe,hyp
amade,hazır,syn
endişe,kaygı,syn
ülke,çin,hyp
çizelge,cetvel,syn
kadın,hastalık,mer
kalite,nitelik,syn
sürahi,ev,unrel
takım,sezon,mer
hasis,cimri,syn
dizi,sıra,syn
futbol,transfer,mer
ülke,vietnam,hyp
ülke,uganda,hyp
meslek,müşavir,hyp
futbol,direktör,mer
ölü,diri,ant
çanta,ocak,unrel
iç,dahil,syn
lisan,dil,syn
il,çorlu,hyp
kamu,halk,syn
içecek,su,hyp
gemi,düdük,mer
nüfus,lavabo,unrel
rüştiye,ortaokul,syn
sinema,sap,unrel
neden,sebep,syn
hasta,ankiloz,mer
gazete,kitle,mer
sandalye,iğne,unrel
gazete,ulus,hyp
spor,okçuluk,hyp
çok,fazla,syn
lüzumsuz,gereksiz,syn
güldürü,komedi,syn
bulanık,duru,ant
meslek,hekim,hyp
meslek,bankacı,hyp
enteresan,ilginç,syn
gemi,tonaj,mer
sap,çekirdek,unrel
masa,cüzdan,unrel
tuvalet,wc,syn
çocuk,sevgi,mer
hasta,hastalık,mer
saz,çalgı,syn
hasta,ateş,mer
salon,tablo,unrel
düzen,seviye,syn
dışsatım,ihracat,syn
yar,uçurum,syn
il,sinop,hyp
tertipli,dağınık,ant
insan,problem,mer
genel,umumi,syn
sonuç,netice,syn
ülke,polonya,hyp
devlet,memur,mer
bardak,yaprak,unrel
melodi,ezgi,syn
esir,tutsak,syn
bolluk,kıtlık,ant
lamba,hırka,unrel
ithalat,dışalım,syn
boş,dolu,ant
tütün,gazete,unrel
takım,saha,mer
bina,yan,mer
il,batman,hyp
yelkovan,diş,unrel
dilbilgisi,gramer,syn
güz,sonbahar,syn
ülke,kenya,hyp
meslek,erbaş,hyp
çocuk,beceri,mer
gazete,tgrt,hyp
hayvan,manda,hyp
meslek,tarihçi,hyp
hasım,düşman,syn
devlet,hukuk,mer
türkiye,örgüt,mer
ülke,filipinler,hyp
giz,sır,syn
eski,yeni,ant
fena,kötü,syn
televizyon,kalem,unrel
meslek,araştırmacı,hyp
ülke,finlandiya,hyp
derhal,hemen,syn
çocuk,baba,mer
olanak,imkan,syn
tabiat,doğa,syn
lal,dilsiz,syn
hayvan,kablo,unrel
hayvan,midye,hyp
sebze,limon,hyp
ama,fakat,syn
siyaset,politika,syn
alet,takım,hyp
meslek,asker,hyp
dergi,mecmua,syn
batı,doğu,ant
hayvan,böcek,hyp
düğme,masa,unrel
il,samsun,hyp
sır,giz,syn
bilgisayar,köpek,unrel
takım,puan,mer
namzet,aday,syn
il,kırşehir,hyp
el,bina,unrel
davet,çağrı,syn
gene,yine,syn
kabus,karabasan,syn
il,muğla,hyp
yaşlı,genç,ant
belge,vesika,syn
dolap,makale,unrel
manzara,görünüm,syn
diş,pantalon,unrel
motorsiklet,kafa,unrel
hal,durum,syn
devre,dönem,syn
kalabalık,tenha,ant
içten,samimi,syn
çekirdek,baza,unrel
tutsak,esir,syn
il,adapazarı,hyp
meyve,papaya,hyp
asır,yüzyıl,syn
il,nevşehir,hyp
cesaret,korkaklık,ant
hasta,metastaz,mer
uçurum,yar,syn
manşet,çekmece,unrel
göz,banyo,unrel
meslek,başmüfettiş,hyp
meslek,fizyoterapist,hyp
gazete,başlık,mer
türkiye,dernek,mer
bina,yer,mer
hayvan,kefal,hyp
hayta,serseri,syn
güç,zor,syn
ağaç,yüz,unrel
meslek,tekniker,hyp
meslek,iş,syn
futbol,dal,mer
il,dolap,unrel
insan,hak,mer
kadın,statü,mer
rağmen,karşın,syn
araç,vasıta,syn
takım,şampiyona,mer
gazete,yönetim,mer
hasta,obstrüksiyon,mer
defa,kez,syn
tırnak,tomurcuk,unrel
insan,iş,mer
içecek,kola,hyp
il,yozgat,hyp
sözel,sayısal,ant
spor,badminton,hyp
deney,tecrübe,syn
ampul,masa,unrel
ödül,ceza,ant
kumanda,ceket,unrel
lüzumlu,gerekli,syn
gazete,sözcü,mer
yardımcı,muavin,syn
devlet,borç,mer
gazete,dağıtım,mer
meslek,veteriner,hyp
dilek,istek,syn
spor,tenis,hyp
il,kilis,hyp
il,isparta,hyp
devlet,para,mer
sebze,pırasa,hyp
türkiye,ülke,mer
gazete,cumhuriyet,hyp
ülke,letonya,hyp
tırnak,tarçın,unrel
tamir,onarım,syn
il,antep,hyp
ülke,karadağ,hyp
kitap,musluk,unrel
meyve,fındık,hyp
deri,burun,unrel
mutfak,kazak,unrel
sıhhat,sağlık,syn
kadın,ev,mer
arka,geri,syn
meyve,kiraz,hyp
il,afyon,hyp
ülke,senegal,hyp
il,içel,hyp
hayat,ömür,syn
spor,dalış,hyp
meslek,kimyager,hyp
nehir,market,unrel
devlet,dil,mer
kati,kesin,syn
çocuk,araba,mer
içecek,viski,hyp
ulus,millet,syn
sebze,domates,hyp
gömlek,ayak,unrel
futbol,kral,mer
gemi,bandıra,mer
silah,telefon,unrel
ülke,moğolistan,hyp
anlam,mana,syn
tümör,ur,syn
koltuk,şarj,unrel
indirim,zam,ant
hayvan,sansar,hyp
sözlük,lügat,syn
güçlü,kuvvetli,syn
ülke,ukrayna,hyp
sebze,kuşkonmaz,hyp
dünya,gazete,mer
bacı,kızkardeş,syn
içecek,rakı,hyp
hasta,prostat,mer
ev,meyve,unrel
şart,koşul,syn
il,erzurum,hyp
hayvan,güvercin,hyp
bilgisayar,tencere,unrel
türkiye,politika,mer
devlet,toplum,mer
bilgisayar,alan,mer
katı,sıvı,ant
er,geç,ant
il,artvin,hyp
keder,neşe,ant
hayvan,levrek,hyp
dünya,ülke,mer
kadın,sendrom,mer
gazete,tiraj,mer
düzmece,sahte,syn
il,diyarbakır,hyp
il,hakkari,hyp
mebus,milletvekili,syn
milli,ulusal,syn
sebze,kekik,hyp
havlu,kabuk,unrel
dünya,mağara,mer
onay,tasdik,syn
umumi,genel,syn
rutubet,nem,syn
mektup,name,syn
ülke,slovenya,hyp
az,çok,ant
meyve,havuç,hyp
çağ,devir,syn
vücut,gövde,syn
basit,yalın,syn
kalem,araba,unrel
ozan,şair,syn
spor,güreş,hyp
meydan,alan,syn
fermuar,kabuk,unrel
mafsal,eklem,syn
çocuk,yemek,mer
hayvan,sazan,hyp
sevinç,üzüntü,ant
ülke,türkmenistan,hyp
ülke,norveç,hyp
mutfak,kulp,unrel
gemi,yük,mer
birey,fert,syn
ülke,tanzanya,hyp
meslek,kontrolör,hyp
hayvan,geyik,hyp
meyve,vişne,hyp
insan,sorun,mer
hayvan,alabalık,hyp
erek,amaç,syn
futbol,problem,mer
bacak,çanta,unrel
hayvan,maymun,hyp
bilgisayar,hız,mer
ayakkabı,ev,unrel
vücut,mutfak,unrel
sebze,soğan,hyp
saydam,kesif,ant
geri,ileri,ant
gemi,güverte,mer
küçük,büyük,ant
ülke,ermenistan,hyp
avare,serseri,syn
burun,cep,unrel
atak,girişken,syn
kıta,telefon,unrel
gazete,resim,mer
komedi,güldürü,syn
insan,tarz,mer
bilgisayar,iç,mer
sevimli,sevimsiz,ant
abide,anıt,syn
düğme,duvar,unrel
sert,yumuşak,ant
uzak,irak,syn
hasret,özlem,syn
insan,ruh,mer
ülke,ingiltere,hyp
tabii,doğal,syn
gitar,apartman,unrel
gazete,fanatik,hyp
devir,çağ,syn
kadın,evlilik,mer
bilgisayar,banyo,unrel
ülke,cibuti,hyp
meyve,ananas,hyp
enkaz,yıkıntı,syn
ülke,etiyopya,hyp
anahtar,pencere,unrel
bina,alt,mer
görev,vazife,syn
gömlek,salon,unrel
takım,kadro,mer
cilt,ten,syn
kocaman,iri,syn
barış,savaş,ant
kıtlık,bolluk,ant
insan,zevk,mer
perakende,toptan,ant
meyve,kabak,hyp
hikaye,öykü,syn
meyve,nar,hyp
alet,iğne,hyp
takım,final,mer
apse,iltihap,syn
hasta,problem,mer
hayvan,ejderha,hyp
dünya,abd,mer
olası,mümkün,syn
veteriner,baytar,syn
olay,vaka,syn
kat,gömlek,unrel
dünya,insan,mer
bina,kat,mer
onur,şeref,syn
hasta,ihtiyaç,mer
bilhassa,özellikle,syn
hayvan,kaplan,hyp
çocuk,gereksinim,mer
ülke,gürcistan,hyp
hayvan,hindi,hyp
şans,talih,syn
hayvan,deve,hyp
köpek,avize,unrel
daimi,sürekli,syn
küvet,sap,unrel
sebze,mısır,hyp
il,bilecik,hyp
hasta,ameliyat,mer
çeşit,tür,syn
sebze,hıyar,hyp
içecek,çay,hyp
ülke,avusturya,hyp
bilgisayar,sistem,mer
il,kırıkkale,hyp
bilgisayar,mutfak,unrel
bilgisayar,ekran,mer
menfi,olumsuz,syn
ak,kara,ant
kitap,baş,mer
toplama,çıkarma,ant
tuhaf,garip,syn
il,elazığ,hyp
spor,avcılık,hyp
ülke,iran,hyp
kadın,cinsiyet,mer
il,malatya,hyp
zıt,karşıt,syn
özel,resmî,ant
doğru,yanlış,ant
sebze,enginar,hyp
spor,yelken,hyp
talebe,öğrenci,syn
devlet,yetki,mer
ülke,şili,hyp
il,urfa,hyp
sağ,sol,ant
devlet,görev,mer
ret,kabul,ant
bulut,kural,unrel
meyve,ceviz,hyp
gazete,içerik,mer
ülke,mozambik,hyp
hayal,gerçek,ant
ayakyolu,tuvalet,syn
türkiye,potansiyel,mer
meslek,ilahiyatçı,hyp
vazife,görev,syn
kitap,değer,mer
laf,söz,syn
klor,mutfak,unrel
şen,neşeli,syn
alaka,ilgi,syn
bina,çanta,unrel
insan,sıkıntı,mer
sürekli,devamlı,syn
ülke,macaristan,hyp
il,tunceli,hyp
çeviri,tercüme,syn
mabet,tapınak,syn
domates,hayvan,unrel
tebrik,kutlama,syn
gazete,sabah,hyp
ülke,tayvan,hyp
sebze,turp,hyp
uğraş,iş,syn
cet,ata,syn
kadın,meme,mer
içecek,şurup,hyp
ülke,umman,hyp
beyaz,siyah,ant
ilave,ek,syn
düş,rüya,syn
doğal,yapay,ant
yöntem,metot,syn
meslek,marangoz,hyp
gemi,isim,mer
düğme,çamur,unrel
biçim,şekil,syn
kitap,kahraman,mer
bilgisayar,oturak,unrel
çocuk,kabiliyet,mer
ev,meslek,unrel
futbol,takım,mer
ülke,monako,hyp
uygar,medeni,syn
kadın,ihtiyaç,mer
pul,şehir,unrel
ülke,angola,hyp
alet,çakı,hyp
zorunlu,mecburi,syn
yıl,sene,syn
belde,şehir,syn
insan,dert,mer
ayrıcalık,imtiyaz,syn
ira,karakter,syn
il,edirne,hyp
bina,çatı,mer
ülke,kıbrıs,hyp
beğeni,gusto,syn
yazım,imla,syn
futbol,kulüp,mer
insan,birikim,mer
hayvan,sardalye,hyp
gazete,bugün,hyp
baza,mermi,unrel
meyve,muz,hyp
neşe,sevinç,syn
insan,doğa,mer
ev,ağaç,unrel
minder,gömlek,unrel
ağız,banyo,unrel
sebze,paprika,hyp
ülke,arabistan,hyp
hasta,ülser,mer
olumsuz,menfi,syn
ülke,isviçre,hyp
apartman,diş,unrel
giysi,elbise,syn
yüzyıl,asır,syn
meyve,incir,hyp
meslek,diyetisyen,hyp
ülke,kongo,hyp
ülke,meksika,hyp
kitap,sayfa,mer
tren,katar,syn
fazla,çok,syn
hasta,nezle,mer
toplum,cemiyet,syn
hayvan,kedigiller,hyp
ülke,arjantin,hyp
gece,gündüz,ant
ülke,zelanda,hyp
sebze,brokoli,hyp
aydınlık,karanlık,ant
kitap,fiyat,mer
medeni,uygar,syn
köpek,kozalak,unrel
takım,şampiyon,mer
spor,folklor,hyp
takım,transfer,mer
garip,acayip,syn
kadın,sorun,mer
yönetmen,sap,unrel
ülke,bangladeş,hyp
pinti,cimri,syn
il,gümüşhane,hyp
il,niğde,hyp
teklif,öneri,syn
ünlü,meşhur,syn
meslek,şoför,hyp
tuvalet,hela,syn
anı,hatıra,syn
şarj,okul,unrel
haber,düğme,unrel
kişi,şahıs,syn
il,rize,hyp
hısım,akraba,syn
meslek,mimar,hyp
sebze,nane,hyp
öğrenim,tahsil,syn
emir,buyruk,syn
aynı,farklı,ant
alet,makas,hyp
ülke,hersek,hyp
spor,izci,hyp
ülke,britanya,hyp
ülke,filistin,hyp
örtü,meyve,unrel
ritm,sinema,unrel
sebze,zerdeçal,hyp
takım,taraftar,mer
ama,kör,syn
meşhur,ünlü,syn
mutfak,mantar,unrel
hasta,tansiyon,mer
kuzey,şimal,syn
zeybek,efe,syn
ülke,çek,hyp
otlak,mera,syn
ülke,sırbistan,hyp
kere,defa,syn
öykü,hikaye,syn
spor,atletizm,hyp
gazete,medya,mer
atılgan,çekingen,ant
insan,ilgi,mer
ülke,brezilya,hyp
kumaş,fiş,unrel
ülke,hollanda,hyp
ihracat,dışsatım,syn
spor,kürek,hyp
gazete,günaydın,hyp
ilginç,enteresan,syn
türkiye,anlaşma,mer
hayvan,tavşan,hyp
gazete,güneş,hyp
gemi,arka,mer
asansör,göz,unrel
devlet,gelir,mer
kadın,zaaf,mer
çığlık,feryat,syn
hasta,güvence,mer
bilakis,tersine,syn
takım,hoca,mer
müstakil,bağımsız,syn
pis,kirli,syn
meyve,trurunçgil,hyp
meyve,çağla,hyp
bilgisayar,kapasite,mer
insan,kalp,mer
ülke,bosna,hyp
yaratık,mahluk,syn
telefon,kitap,unrel
ülke,tunus,hyp
nebat,bitki,syn
ülke,amerika,hyp
okul,kıl,unrel
alet,levye,hyp
sebze,kereviz,hyp
yönetici,kumaş,unrel
öğrenci,talebe,syn
meslek,muhabir,hyp
şekil,biçim,syn
eylemsi,fiilimsi,syn
ülke,gine,hyp
spor,kaykay,hyp
mahalli,yerel,syn
çocuk,hastalık,mer
örtü,kabza,unrel
mesela,örneğin,syn
öğe,unsur,syn
kemik,ampul,unrel
türkiye,güç,mer
il,manisa,hyp
hayvan,akrep,hyp
gazete,akit,hyp
ilkel,modern,ant
meslek,anestezist,hyp
eklem,mafsal,syn
anormal,normal,ant
cesur,yürekli,syn
alt,üst,ant
meslek,müfettiş,hyp
alelade,sıradan,syn
kadın,şikâyet,mer
çekmece,kafa,unrel
azami,asgari,ant
ülke,yugoslavya,hyp
sebze,mercimek,hyp
hasta,sinüzit,mer
dost,arkadaş,syn
banyo,silah,unrel
itibar,saygınlık,syn
sebze,yeşilbiber,hyp
il,adana,hyp
il,konya,hyp
içecek,boza,hyp
aleni,açık,syn
diş,televizyon,unrel
gemi,iç,mer
ülke,hırvatistan,hyp
ülke,yemen,hyp
gayret,çaba,syn
il,sivas,hyp
çocuk,gelecek,mer
türkiye,komşu,mer
yan,taraf,syn
meslek,başöğretmen,hyp
içecek,ıhlamur,hyp
adi,bayağı,syn
diğer,başka,syn
ülke,arnavutluk,hyp
çağdaş,modern,syn
yürek,kalp,syn
takım,maç,mer
ülke,azerbaycan,hyp
çabuk,yavaş,ant
takım,şans,mer
kontrol,denetim,syn
ant,yemin,syn
devlet,güç,mer
il,trabzon,hyp
bina,temel,mer
kedi,kumaş,unrel
hasta,nakil,mer
sebep,neden,syn
meyve,greyfurt,hyp
ayraç,parantez,syn
yüz,yaprak,unrel
bilgisayar,program,mer
ağır,hafif,ant
meslek,işçi,hyp
fer,işık,syn
ince,kalın,ant
buğu,buhar,syn
hayvan,balık,hyp
insan,hayvan,mer
insan,kişilik,mer
meslek,heykeltıraş,hyp
sıçan,fare,syn
yerel,mahalli,syn
spor,sörf,hyp
meslek,teknisyen,hyp
alet,tüfek,hyp
çocuk,eğitim,mer
iç,dış,ant
kumanda,ayak,unrel
gemi,bölüm,mer
yaramaz,uslu,ant
ülke,belçika,hyp
yalın,sade,syn
numune,örnek,syn
doğa,tabiat,syn
sandale,saç,unrel
barış,sulh,syn
hayvan,gitar,unrel
menkul,taşınır,syn
insan,gereksinim,mer
spor,bilardo,hyp
içecek,kakao,hyp
türkiye,sermaye,mer
dik,eğik,ant
sebze,fesleğen,hyp
bilgisayar,hafıza,mer
kol,örtü,unrel
kapital,sermaye,syn
cahil,bilgisiz,syn
gazete,internet,mer
imtihan,sınav,syn
kâr,zarar,ant
spor,kayak,hyp
il,kütahya,hyp
uyarı,ikaz,syn
sade,yalın,syn
hür,özgür,syn
çiçek,araba,unrel
düğme,bacak,unrel
geniş,dar,ant
öbür,diğer,syn
il,şanlıurfa,hyp
ülke,sudan,hyp
gazete,tercüman,hyp
ülke,köpek,unrel
efe,zeybek,syn
kapı,el,unrel
kadın,öykü,mer
meyve,kayısı,hyp
bulut,masa,unrel
meyve,dut,hyp
müzik,çiçek,unrel
türkiye,milyar,mer
ülke,singapur,hyp
şişe,kolonya,unrel
çocuk,hak,mer
bina,dış,mer
diş,etek,unrel
meslek,öğretmen,hyp
vatan,yurt,syn
artı,eksi,ant
kadın,erkek,mer
çocuk,uyku,mer
cep,kek,unrel
devlet,hükümet,mer
hela,tuvalet,syn
alet,makine,hyp
parmak,düğme,unrel
tesadüf,rastlantı,syn
kadın,tarz,mer
ülke,gana,hyp
ad,isim,syn
özgün,orijinal,syn
icat,buluş,syn
başkan,reis,syn
çocuk,saç,mer
insan,ağaç,unrel
aza,üye,syn
bina,bölüm,mer
meslek,astronom,hyp
faaliyet,etkinlik,syn
kurşun,televizyon,unrel
il,iskenderun,hyp
duru,berrak,syn
alıcı,satıcı,ant
devlet,sorumlu,mer
sebze,patlıcan,hyp
motorsiklet,domates,unrel
ülke,kırgızistan,hyp
doğu,şark,syn
duvar,kurabiye,unrel
ülke,tayland,hyp
ocak,duvar,unrel
sulh,barış,syn
sorun,çözüm,ant
fakat,lakin,syn
pantalon,klor,unrel
apartman,uçak,unrel
meslek,amiral,hyp
kitap,isim,mer
konuk,misafir,syn
hayvan,köpek,hyp
hatıra,anı,syn
nutuk,söylev,syn
devlet,sınır,mer
meyve,zerdali,hyp
medeni,ilkel,ant
etki,tesir,syn
türkiye,konum,mer
il,mersin,hyp
spor,bisiklet,hyp
motor,avize,unrel
kanıt,delil,syn
dünya,üniversite,mer
egoist,bencil,syn
düğme,banyo,unrel
hayvan,horoz,hyp
çocuk,okul,mer
nakliyeci,taşımacı,syn
usta,ehil,syn
meslek,fizikçi,hyp
çocuk,bakım,mer
dünya,ihtiyaç,mer
hadise,olay,syn
bilgin,alim,syn
ülke,slovakya,hyp
hayvan,çakal,hyp
burun,tohum,unrel
insan,fikir,mer
kuşku,şüphe,syn
oy,rey,syn
hayvan,salyangoz,hyp
doğu,batı,ant
çamur,balçık,syn
gemi,saat,mer
hayvan,baykuş,hyp
muştu,müjde,syn
meyve,ayva,hyp
il,çorum,hyp
kadın,rahatsızlık,mer
ülke,honduras,hyp
kafiye,uyak,syn
sağlam,çürük,ant
ülke,libya,hyp
alet,çekiç,hyp
sebze,bezelye,hyp
dünya,mağaza,mer
futbol,kart,mer
müstahsil,üretici,syn
issız,kalabalık,ant
ülke,sscb,hyp
kuru,yaş,ant
insan,ihtiyaç,mer
ev,fırtına,unrel
kitap,yan,mer
sebze,pancar,hyp
ülke,çekoslovakya,hyp
dünya,şehir,mer
hasta,biyopsi,mer
rüzgar,yel,syn
kayıp,yitik,syn
meslek,gazeteci,hyp
ülke,prusya,hyp
türkiye,sorun,mer
ülke,iskandinavya,hyp
el,kuyruk,unrel
kenar,kıyı,syn
canlı,diri,syn
içecek,şarap,hyp
ülke,tacikistan,hyp
ender,nadir,syn
alet,telgraf,hyp
spor,halter,hyp
spor,jimnastik,hyp
spor,eskrim,hyp
sorumluluk,mesuliyet,syn
komşu,motor,unrel
kesin,kati,syn
il,hatay,hyp
ülke,irak,hyp
mağlup,yenik,syn
tavan,taban,ant
mesken,konuk,syn
gazete,star,hyp
millet,ulus,syn
pencere,fiş,unrel
kenar,cep,unrel
ötürü,dolayı,syn
hayvan,sinek,hyp
çocuk,ihtiyaç,mer
spor,golf,hyp
ülke,venezuela,hyp
ödün,taviz,syn
el,tanıdık,ant
sözcük,kelime,syn
hızlı,yavaş,ant
minimum,maksimum,ant
sebze,patates,hyp
çare,deva,syn
sandalye,iskemle,syn
il,ordu,hyp
devlet,karar,mer
il,kahramanmaraş,hyp
müsabaka,yarışma,syn
ülke,fas,hyp
hayvan,keçi,hyp
hayvan,inek,hyp
alet,keser,hyp
içecek,glikoz,hyp
delik,ev,unrel
sigara,sel,unrel
yine,tekrar,syn
usta,acemi,ant
dünya,firma,mer
şahıs,kişi,syn
yaprak,kumanda,unrel
telefon,diş,unrel
sürat,hız,syn
gemi,rota,mer
şaka,latife,syn
dikit,sarkıt,ant
çocuk,alerji,mer
sermaye,kapital,syn
hasta,astım,mer
meyve,kuşburnu,hyp
hemen,derhal,syn
insan,akıl,mer
ülke,isveç,hyp
imar,bayındır,syn
bina,kapı,mer
hediye,armağan,syn
takım,seyirci,mer
bilgisayar,yağmur,unrel
kas,adale,syn
önder,lider,syn
irk,soy,syn
türkiye,istikrar,mer
televizyon,gözlük,unrel
tomurcuk,sürahi,unrel
meyve,torba,unrel
il,zonguldak,hyp
bilgisayar,tüy,unrel
devlet,ihtiyaç,mer
burun,nehir,unrel
meslek,avukat,hyp
gazete,organ,mer
devinim,hareket,syn
bacak,cam,unrel
il,çanakkale,hyp
kılavuz,rehber,syn
futbol,sorun,mer
futbol,taraftar,mer
kitap,tanıtım,mer
buyruk,emir,syn
gemi,kaptan,mer
unsur,öğe,syn
içecek,cola,hyp
gazete,yazar,mer
muavin,yardımcı,syn
yakın,irak,ant
entari,giysi,syn
gazete,basın,mer
takım,direktör,mer
kirli,temiz,ant
itimat,güven,syn
meslek,hemşire,hyp
tarım,ziraat,syn
nasihat,öğüt,syn
gazete,zaman,hyp
acı,tatlı,ant
adıl,zamir,syn
pabuç,ayakkabı,syn
takım,karşılaşma,mer
il,antakya,hyp
ürün,mahsul,syn
saha,alan,syn
açık,koyu,ant
ilgi,alaka,syn
sebze,şalgam,hyp
oran,nispet,syn
değer,kıymet,syn
örgüt,teşkilat,syn
içecek,konyak,hyp
meyve,portakal,hyp
aşağı,yukarı,ant
takım,lider,mer
türkiye,ab,mer
ülke,estonya,hyp
takım,iddia,mer
eser,yapıt,syn
bina,üzer,mer
türkiye,dolar,mer
mektep,okul,syn
ayak,askı,unrel
hasta,pil,mer
imkan,olanak,syn
bina,iç,mer
kuruluş,kurum,syn
fakir,yoksul,syn
bacak,telefon,unrel
hasta,depresyon,mer
hayal,düş,syn
ülke,özbekistan,hyp
hasta,ağrı,mer
hasta,diyabet,mer
saldırı,savunma,ant
silah,deri,unrel
nehir,irmak,syn
insan,beceri,mer
atölye,işlik,syn
koyun,topuk,unrel
aktif,pasif,ant
çocuk,düş,mer
suni,yapay,syn
matbaa,basımevi,syn
olumlu,müspet,syn
ulu,yüce,syn
kafa,sinema,unrel
gemi,daire,mer
ülke,almanya,hyp
sınıf,deniz,unrel
bilinç,şuur,syn
meyve,turunçgiller,hyp
sağlık,sıhhat,syn
sebze,pazı,hyp
ülke,çat,hyp
vaka,olay,syn
ülke,romanya,hyp
gazete,müdür,mer
şark,doğu,syn
meslek,politika,hyp
hayvan,denizatı,hyp
öğüt,nasihat,syn
hayvan,öküz,hyp
bilgisayar,yan,mer
bilgisayar,güç,mer
zor,güç,syn
hayvan,karaca,hyp
idare,yönetim,syn
hayvan,yengeç,hyp
meslek,çavuş,hyp
tanım,tarif,syn
meslek,masör,hyp
gizli,saklı,syn
il,kocaeli,hyp
ülke,abhazya,hyp
fasıla,ara,syn
sebze,sarımsak,hyp
ilkel,çağdaş,ant
erkek,kadın,ant
macera,serüven,syn
insan,sevgi,mer
hasta,öksürük,mer
ilıca,kaplıca,syn
il,balıkesir,hyp
türkiye,enerji,mer
içecek,şampanya,hyp
futbol,eksik,mer
saat,havuz,unrel
meyve,kivi,hyp
meslek,televizyonculuk,hyp
cin,tür,syn
irmak,nehir,syn
alet,kaynak,hyp
bina,bedel,mer
alçak,yüksek,ant
meyve,badem,hyp
kelime,sözcük,syn
