abd,ülke,hyp
abhazya,meslek,NONhype
abhazya,ülke,hyp
abide,anıt,NONhype
acayip,garip,NONhype
acemi,toy,NONhype
acemi,usta,NONhype
açıkgöz,kurnaz,NONhype
açık,kapalı,NONhype
açık,koyu,NONhype
acı,tatlı,NONhype
aç,tok,NONhype
adale,kas,NONhype
adalet,hak,NONhype
adana,il,hyp
adapazarı,il,hyp
adet,tane,NONhype
adi,bayağı,NONhype
adıl,zamir,NONhype
ad,isim,NONhype
adıyaman,hayvan,NONhype
adıyaman,il,hyp
aerobik,spor,hyp
afacan,uslu,NONhype
aferin,bravo,NONhype
afganistan,ülke,hyp
afyon,il,hyp
ağaç,lavabo,NONhype
ağaç,ülke,NONhype
ağaç,yüz,NONhype
ağır,hafif,NONhype
ağız,banyo,NONhype
ağrı,il,hyp
ahenk,uyum,NONhype
ahtapot,hayvan,hyp
ahududu,hayvan,NONhype
ahududu,meyve,hyp
aidat,silah,NONhype
aidat,ülke,NONhype
aka,büyük,NONhype
akademisyen,meslek,hyp
akıllı,aptal,NONhype
akıl,us,NONhype
akit,gazete,hyp
ak,kara,NONhype
ak,meyve,NONhype
akrep,bilgisayar,NONhype
akrep,hayvan,hyp
akşam,gazete,hyp
aksaray,il,hyp
aksi,ters,NONhype
aktif,pasif,NONhype
alabalık,hayvan,hyp
alaka,ilgi,NONhype
alaka,meyve,NONhype
alaz,alev,NONhype
alaz,ülke,NONhype
alçak,hayvan,NONhype
alçak,yüksek,NONhype
alelade,sıradan,NONhype
aleni,açık,NONhype
alıcı,satıcı,NONhype
al,kırmızı,NONhype
alkol,içecek,hyp
allah,tanrı,NONhype
almanya,ülke,hyp
alt,üst,NONhype
amaç,erek,NONhype
amade,hazır,NONhype
ama,fakat,NONhype
ama,kör,NONhype
amale,işçi,NONhype
amasya,il,hyp
amel,iş,NONhype
amerika,ülke,hyp
amiral,meslek,hyp
ampul,bahçe,NONhype
ampul,masa,NONhype
ana,anne,NONhype
anahtar,pencere,NONhype
ananas,meyve,hyp
anestezist,meslek,hyp
angola,ülke,hyp
aniden,birden,NONhype
anı,hatıra,NONhype
ankara,il,hyp
anlam,mana,NONhype
anlatım,ifade,NONhype
anormal,normal,NONhype
antakya,il,hyp
antalya,il,hyp
anten,çerçeve,NONhype
antep,il,hyp
ant,yemin,NONhype
apartman,diş,NONhype
apartman,orman,NONhype
apartman,tütün,NONhype
apartman,uçak,NONhype
apse,iltihap,NONhype
araba,televizyon,NONhype
arabistan,ülke,hyp
araç,vasıta,NONhype
ara,fasıla,NONhype
araştırmacı,meslek,hyp
ardahan,il,hyp
arı,hayvan,hyp
arıza,bozukluk,NONhype
arjantin,ülke,hyp
arka,geri,NONhype
arka,ön,NONhype
arkeolog,meslek,hyp
armağan,hediye,NONhype
armut,meyve,hyp
arnavutluk,ülke,hyp
art,arka,NONhype
artı,eksi,NONhype
artvin,il,hyp
arzu,istek,NONhype
aşağı,yukarı,NONhype
asansör,göz,NONhype
asil,soylu,NONhype
asır,yüzyıl,NONhype
asistan,meslek,hyp
asker,meslek,hyp
askı,post,NONhype
aslan,hayvan,hyp
astronom,meslek,hyp
astsubay,meslek,hyp
ast,üst,NONhype
aş,yemek,NONhype
ata,cet,NONhype
atak,girişken,NONhype
at,hayvan,hyp
atıcılık,spor,hyp
atılgan,çekingen,NONhype
atletizm,spor,hyp
atölye,işlik,NONhype
avare,serseri,NONhype
avcılık,spor,hyp
avcı,meslek,hyp
avize,düğme,NONhype
avokado,meyve,hyp
avukat,meslek,hyp
avusturya,ülke,hyp
ayak,askı,NONhype
ayakkabı,ev,NONhype
ayakkabı,köpek,NONhype
ayakkabı,pabuç,NONhype
ayak,meyve,NONhype
ayak,örtü,NONhype
ayak,teneke,NONhype
ayak,ülke,NONhype
ayakyolu,meyve,NONhype
ayakyolu,tuvalet,NONhype
aydınlık,karanlık,NONhype
aynı,farklı,NONhype
ayraç,parantez,NONhype
ayrıcalık,imtiyaz,NONhype
ayva,meslek,NONhype
ayva,meyve,hyp
azami,asgari,NONhype
aza,üye,NONhype
az,çok,NONhype
azerbaycan,ülke,hyp
bacak,cam,NONhype
bacak,çanta,NONhype
bacak,telefon,NONhype
baca,sehpa,NONhype
bacı,kızkardeş,NONhype
badem,meslek,NONhype
badem,meyve,hyp
badminton,spor,hyp
bağımsızlık,tutsaklık,NONhype
bağnaz,yobaz,NONhype
bahçe,uçak,NONhype
bakış,nazar,NONhype
bakış,ülke,NONhype
bakla,hayvan,NONhype
bakla,sebze,hyp
balık,bulut,NONhype
balıkçı,meslek,hyp
balıkesir,il,hyp
balık,hayvan,hyp
balık,ülke,NONhype
balina,hayvan,hyp
balta,alet,hyp
bangladeş,ülke,hyp
bankacı,meslek,hyp
banyo,akşam,NONhype
banyo,gövde,NONhype
banyo,manşet,NONhype
banyo,silah,NONhype
bardak,yaprak,NONhype
barış,savaş,NONhype
barış,sulh,NONhype
bartın,il,hyp
basımevi,matbaa,NONhype
basit,yalın,NONhype
baş,kafa,NONhype
başkaldırı,isyan,NONhype
başkan,reis,NONhype
başkent,başşehir,NONhype
başkent,yönetici,NONhype
basketbol,spor,hyp
başmüfettiş,meslek,hyp
başmühendis,meslek,hyp
başöğretmen,meslek,hyp
başvuru,müracaat,NONhype
batı,doğu,NONhype
batı,garp,NONhype
batman,il,hyp
bayağı,adi,NONhype
bayağı,ülke,NONhype
bayburt,il,hyp
bayındırlık,imar,NONhype
bayındır,mamur,NONhype
baykuş,hayvan,hyp
baykuş,meslek,NONhype
baytar,veteriner,NONhype
baza,mermi,NONhype
beğeni,gusto,NONhype
bekâr,evli,NONhype
belçika,meslek,NONhype
belçika,ülke,hyp
belde,şehir,NONhype
belge,vesika,NONhype
bellek,hafıza,NONhype
bencil,egoist,NONhype
bencil,özgecil,NONhype
bencil,ülke,NONhype
benlik,kişilik,NONhype
beraber,birlikte,NONhype
bereket,bolluk,NONhype
bergamot,meyve,hyp
berrak,duru,NONhype
besin,gıda,NONhype
beyanat,demeç,NONhype
beyaz,ak,NONhype
beyaz,meyve,NONhype
beyaz,siyah,NONhype
beygir,at,NONhype
beyhude,boşuna,NONhype
beyzbol,spor,hyp
bezelye,sebze,hyp
biber,sebze,hyp
bıçak,alet,hyp
biçare,zavallı,NONhype
biçim,şekil,NONhype
bilakis,tersine,NONhype
bilardo,meslek,NONhype
bilardo,spor,hyp
bilecik,il,hyp
bilgin,alim,NONhype
bilgisayar,alan,NONhype
bilgisayar,bağlantı,NONhype
bilgisayar,banyo,NONhype
bilgisayar,bellek,NONhype
bilgisayar,birim,NONhype
bilgisayar,dış,NONhype
bilgisayar,ekran,NONhype
bilgisayar,fiyat,NONhype
bilgisayar,güç,NONhype
bilgisayar,hafıza,NONhype
bilgisayar,hayvan,NONhype
bilgisayar,hız,NONhype
bilgisayar,iç,NONhype
bilgisayar,kapasite,NONhype
bilgisayar,kart,NONhype
bilgisayar,kedi,NONhype
bilgisayar,köpek,NONhype
bilgisayar,meyve,NONhype
bilgisayar,mutfak,NONhype
bilgisayar,oturak,NONhype
bilgisayar,özellik,NONhype
bilgisayar,program,NONhype
bilgisayar,saat,NONhype
bilgisayar,sistem,NONhype
bilgisayar,tencere,NONhype
bilgisayar,tüy,NONhype
bilgisayar,ünite,NONhype
bilgisayar,üzer,NONhype
bilgisayar,yağmur,NONhype
bilgisayar,yan,NONhype
bilgisayar,yapı,NONhype
bilhassa,özellikle,NONhype
bilim,ilim,NONhype
bilim,meslek,hyp
bilinç,hayvan,NONhype
bilinç,şuur,NONhype
bina,alt,NONhype
bina,bahçe,NONhype
bina,bedel,NONhype
bina,bölüm,NONhype
bina,cam,NONhype
bina,çanta,NONhype
bina,çatı,NONhype
bina,cephe,NONhype
bina,çevre,NONhype
bina,değer,NONhype
bina,dış,NONhype
bina,duvar,NONhype
bina,hayvan,NONhype
bina,iç,NONhype
bina,inşaat,NONhype
bina,kapı,NONhype
bina,kat,NONhype
bina,meyve,NONhype
bina,ön,NONhype
bina,salon,NONhype
bina,taraf,NONhype
bina,temel,NONhype
bina,üzer,NONhype
bina,yan,NONhype
bina,yapı,NONhype
bina,yer,NONhype
bingöl,il,hyp
binicilik,spor,hyp
bira,içecek,hyp
birden,ani,NONhype
birdenbire,aniden,NONhype
birey,fert,NONhype
biricik,tek,NONhype
birinci,sonuncu,NONhype
birinci,ülke,NONhype
bisiklet,meslek,NONhype
bisiklet,spor,hyp
bitki,nebat,NONhype
bitlis,il,hyp
biyolog,hayvan,NONhype
biyolog,meslek,hyp
böcek,hayvan,hyp
boğa,hayvan,hyp
böğürtlen,meyve,hyp
boks,spor,hyp
bolivya,ülke,hyp
bolluk,kıtlık,NONhype
bolu,il,hyp
bölüm,nehir,NONhype
borç,alacak,NONhype
börülce,sebze,hyp
boş,dolu,NONhype
bosna,ülke,hyp
boylam,enlem,NONhype
boylam,meridyen,NONhype
boza,içecek,hyp
bozkır,step,NONhype
brezilya,ülke,hyp
briç,spor,hyp
britanya,ülke,hyp
brokoli,sebze,hyp
bucak,nahiye,NONhype
buğu,buhar,NONhype
bugün,gazete,hyp
buhran,bunalım,NONhype
bulanık,duru,NONhype
bulgaristan,ülke,hyp
bulut,devlet,NONhype
bulut,insan,NONhype
bulut,karar,NONhype
bulut,kural,NONhype
bulut,masa,NONhype
bulut,meyve,NONhype
burdur,hayvan,NONhype
burdur,il,hyp
büro,ofis,NONhype
bursa,il,hyp
burun,cep,NONhype
burun,motorsiklet,NONhype
burun,nehir,NONhype
burun,tohum,NONhype
buyruk,emir,NONhype
büyük,küçük,NONhype
buzdolabı,trafik,NONhype
çabuk,acele,NONhype
çabuk,yavaş,NONhype
çağdaş,modern,NONhype
çağdaş,uygar,NONhype
çağ,devir,NONhype
çağla,meyve,hyp
çağrı,davet,NONhype
cahil,bilgisiz,NONhype
caka,gösteriş,NONhype
çakal,hayvan,hyp
çakal,meslek,NONhype
çakı,alet,hyp
çalışkan,tembel,NONhype
cam,başkent,NONhype
cam,düğme,NONhype
camekan,vitrin,NONhype
çamur,balçık,NONhype
çanakkale,il,hyp
çankırı,il,hyp
canlı,diri,NONhype
çanta,ocak,NONhype
çare,deva,NONhype
çarpma,bölme,NONhype
çatı,şehir,NONhype
çat,ülke,hyp
çavuş,meslek,hyp
çay,içecek,hyp
çayır,davet,NONhype
cazibe,çekim,NONhype
çeçenistan,ülke,hyp
cehalet,bilgisizlik,NONhype
çehre,yüz,NONhype
çekiç,alet,hyp
çekirdek,baza,NONhype
çekirdek,meyve,NONhype
çekirdek,saat,NONhype
çekirdek,şişe,NONhype
çekirdek,ülke,NONhype
çekirge,hayvan,hyp
çekmece,kafa,NONhype
çekoslovakya,ülke,hyp
çek,ülke,hyp
celse,oturum,NONhype
cenk,savaş,NONhype
cenup,güney,NONhype
cep,kek,NONhype
cep,meyve,NONhype
cep,nüfus,NONhype
cep,ülke,NONhype
cerahat,irin,NONhype
cerrah,operatör,NONhype
cesaret,korkaklık,NONhype
çeşit,tür,NONhype
cesur,yürekli,NONhype
cet,ata,NONhype
cet,meyve,NONhype
cevap,soru,NONhype
cevap,yanıt,NONhype
çeviri,meyve,NONhype
çeviri,tercüme,NONhype
ceviz,koz,NONhype
ceviz,meyve,hyp
ceviz,ülke,NONhype
cezayir,ülke,hyp
cezve,çekirdek,NONhype
cibuti,ülke,hyp
çiçek,araba,NONhype
çiçek,baca,NONhype
çiçek,okul,NONhype
çiçek,radyo,NONhype
ciddi,ağırbaşlı,NONhype
çift,tek,NONhype
çığlık,feryat,NONhype
cihaz,alet,hyp
cihaz,aygıt,NONhype
cihet,yön,NONhype
çilek,hayvan,NONhype
çilek,meyve,hyp
çılgın,deli,NONhype
cılız,gürbüz,NONhype
cılız,sıska,NONhype
cilt,ten,NONhype
çimen,müzik,NONhype
cimri,cömert,NONhype
cimri,hasis,NONhype
cimri,pinti,NONhype
cin,içecek,hyp
cins,tür,NONhype
cin,tür,NONhype
çin,ülke,hyp
çipura,hayvan,hyp
cirit,spor,hyp
civar,yöre,NONhype
çizelge,cetvel,NONhype
çocuk,aile,NONhype
çocuk,alerji,NONhype
çocuk,anne,NONhype
çocuk,araba,NONhype
çocuk,baba,NONhype
çocuk,bakım,NONhype
çocuk,beceri,NONhype
çocuk,bilgisayar,NONhype
çocuk,bozukluk,NONhype
çocuk,diş,NONhype
çocuk,düş,NONhype
çocuk,ebeveyn,NONhype
çocuk,eğitim,NONhype
çocuk,eksik,NONhype
çocuk,enfeksiyon,NONhype
çocuk,ev,NONhype
çocuk,gelecek,NONhype
çocuk,gelişim,NONhype
çocuk,gereksinim,NONhype
çocuk,güçlük,NONhype
çocuk,hak,NONhype
çocuk,hastalık,NONhype
çocuk,hasta,NONhype
çocuk,ihtiyaç,NONhype
çocuk,ishal,NONhype
çocuk,kabiliyet,NONhype
çocuk,kardeş,NONhype
çocuk,okul,NONhype
çocuk,özellik,NONhype
çocuk,problem,NONhype
çocuk,rahatsızlık,NONhype
çocuk,saç,NONhype
çocuk,sağlık,NONhype
çocuk,şans,NONhype
çocuk,sevgi,NONhype
çocuk,sorun,NONhype
çocuk,tedavi,NONhype
çocuk,ülke,NONhype
çocuk,uyku,NONhype
çocuk,yaş,NONhype
çocuk,yemek,NONhype
çocuk,yetenek,NONhype
çocuk,zekâ,NONhype
çoğunluk,ekseriyet,NONhype
çok,fazla,NONhype
cola,içecek,hyp
çömlekçi,meslek,hyp
çorlu,il,hyp
çorum,il,hyp
çukur,tümsek,NONhype
cumhuriyet,gazete,hyp
cümle,tümce,NONhype
cüzdan,burun,NONhype
dağcılık,spor,hyp
dahil,hariç,NONhype
dahil,iç,NONhype
daimi,sürekli,NONhype
dal,asansör,NONhype
dalış,spor,hyp
dana,hayvan,hyp
dana,sandalye,NONhype
dana,ülke,NONhype
danimarka,ülke,hyp
danışman,meslek,hyp
dans,spor,hyp
darbe,vuruş,NONhype
dar,geniş,NONhype
dargın,küs,NONhype
davet,çağrı,NONhype
defa,kez,NONhype
değer,kıymet,NONhype
değerli,kıymetli,NONhype
değnek,sopa,NONhype
deli,çılgın,NONhype
delik,ev,NONhype
delil,kanıt,NONhype
deneme,tecrübe,NONhype
denetim,kontrol,NONhype
denetmen,meslek,hyp
deney,tecrübe,NONhype
denizatı,hayvan,hyp
deniz,kara,NONhype
denizli,il,hyp
deniz,meyve,NONhype
deprem,zerzele,NONhype
dereot,sebze,hyp
dergi,mecmua,NONhype
derhal,hemen,NONhype
deri,burun,NONhype
deri,ten,NONhype
derslik,sınıf,NONhype
dert,derman,NONhype
devamlı,sürekli,NONhype
deve,hayvan,hyp
devinim,hareket,NONhype
devir,çağ,NONhype
devir,tur,NONhype
devlet,anayasa,NONhype
devlet,banka,NONhype
devlet,borç,NONhype
devlet,çıkar,NONhype
devlet,destek,NONhype
devlet,dil,NONhype
devlet,gelir,NONhype
devlet,görev,NONhype
devlet,güç,NONhype
devlet,güvenlik,NONhype
devlet,hak,NONhype
devlet,halk,NONhype
devlet,hizmet,NONhype
devlet,hukuk,NONhype
devlet,hükümet,NONhype
devlet,ihtiyaç,NONhype
devlet,imkân,NONhype
devlet,insan,NONhype
devlet,iş,NONhype
devlet,istihbarat,NONhype
devlet,karar,NONhype
devlet,koruma,NONhype
devlet,kuruluş,NONhype
devlet,kurum,NONhype
devlet,memur,NONhype
devlet,meyve,NONhype
devlet,millet,NONhype
devlet,olanak,NONhype
devlet,para,NONhype
devlet,polis,NONhype
devlet,politika,NONhype
devlet,rol,NONhype
devlet,sınır,NONhype
devlet,sorumlu,NONhype
devlet,sorun,NONhype
devlet,toplum,NONhype
devlet,ülke,NONhype
devlet,vatandaş,NONhype
devlet,vergi,NONhype
devlet,yasa,NONhype
devlet,yetki,NONhype
devlet,yükümlülük,NONhype
devre,dönem,NONhype
diğer,başka,NONhype
dik,eğik,NONhype
dikit,sarkıt,NONhype
dilbilgisi,gramer,NONhype
dilek,istek,NONhype
dil,lisan,NONhype
diri,canlı,NONhype
dışalım,ithalat,NONhype
dişçi,meslek,hyp
diş,etek,NONhype
diş,pantalon,NONhype
dışsatım,ihracat,NONhype
diş,tava,NONhype
diş,televizyon,NONhype
diyarbakır,il,hyp
diyetisyen,meslek,hyp
dize,mısra,NONhype
dizi,sıra,NONhype
doçent,meslek,hyp
doğal,tabii,NONhype
doğal,yapay,NONhype
doğan,hayvan,hyp
doğa,tabiat,NONhype
doğru,çarpık,NONhype
doğru,eğri,NONhype
doğru,meyve,NONhype
doğru,yanlış,NONhype
doğu,batı,NONhype
doğu,şark,NONhype
doktor,hekim,NONhype
doktor,meslek,hyp
dolap,burun,NONhype
dolap,makale,NONhype
dolap,muhtar,NONhype
domates,hayvan,NONhype
domates,sebze,hyp
dominik,ülke,hyp
domuz,hayvan,hyp
dönemeç,viraj,NONhype
donuk,mat,NONhype
donuk,parlak,NONhype
doruk,zirve,NONhype
döşek,yatak,NONhype
dost,arkadaş,NONhype
dost,düşman,NONhype
dosya,delik,NONhype
dubai,hayvan,NONhype
dubai,ülke,hyp
düğme,bacak,NONhype
düğme,banyo,NONhype
düğme,çamur,NONhype
düğme,duvar,NONhype
düğme,masa,NONhype
düğme,sandale,NONhype
dünya,abd,NONhype
dünya,amerika,NONhype
dünya,demokrasi,NONhype
dünya,dergi,NONhype
dünya,din,NONhype
dünya,fabrika,NONhype
dünya,firma,NONhype
dünya,gazete,NONhype
dünya,havza,NONhype
dünya,ihtiyaç,NONhype
dünya,insan,NONhype
dünya,islam,NONhype
dünya,israil,NONhype
dünya,kent,NONhype
dünya,köşe,NONhype
dünya,mağara,NONhype
dünya,mağaza,NONhype
dünya,metropol,NONhype
dünya,pazar,NONhype
dünya,petrol,NONhype
dünya,savaş,NONhype
dünya,şehir,NONhype
dünya,şirket,NONhype
dünya,sur,NONhype
dünya,teknoloji,NONhype
dünya,ülke,NONhype
dünya,ulus,NONhype
dünya,üniversite,NONhype
dünya,yaşam,NONhype
duru,berrak,NONhype
duru,bulanık,NONhype
durum,vaziyet,NONhype
düş,gerçek,NONhype
düş,meyve,NONhype
düş,rüya,NONhype
düşünce,fikir,NONhype
dut,meslek,NONhype
dut,meyve,hyp
duvar,kurabiye,NONhype
duygu,his,NONhype
düz,eğri,NONhype
düzen,seviye,NONhype
düzmece,sahte,NONhype
düzyazı,nesir,NONhype
ebat,boyut,NONhype
ebedi,sonsuz,NONhype
ebe,meslek,hyp
eczacı,meslek,hyp
edat,ilgeç,NONhype
edebiyat,yazın,NONhype
edirne,il,hyp
efe,zeybek,NONhype
eğitim,meslek,hyp
egoist,bencil,NONhype
ehemmiyet,önem,NONhype
ejderha,hayvan,hyp
ek,ilave,NONhype
eklem,mafsal,NONhype
ekonomi,iktisat,NONhype
ekran,havlu,NONhype
eksik,fazla,NONhype
ekvador,hayvan,NONhype
ekvador,ülke,hyp
elazığ,il,hyp
el,bina,NONhype
elbise,dosya,NONhype
elbise,giysi,NONhype
elbise,ülke,NONhype
el,kuyruk,NONhype
elma,meyve,hyp
el,rüzgar,NONhype
el,tanıdık,NONhype
emir,buyruk,NONhype
emniyet,güvenlik,NONhype
ender,nadir,NONhype
endişe,kaygı,NONhype
endonezya,ülke,hyp
endüstri,sanayi,NONhype
enginar,sebze,hyp
enkaz,yıkıntı,NONhype
enlem,paralel,NONhype
entari,giysi,NONhype
enteresan,ilginç,NONhype
erbaş,meslek,hyp
erek,amaç,NONhype
er,geç,NONhype
erik,meyve,hyp
erkek,kadın,NONhype
erken,geç,NONhype
ermenistan,ülke,hyp
er,meslek,hyp
erzincan,il,hyp
erzurum,il,hyp
esaret,özgürlük,NONhype
esas,temel,NONhype
eşek,hayvan,hyp
eser,yapıt,NONhype
esir,tutsak,NONhype
eskişehir,il,hyp
eski,yeni,NONhype
eskrim,spor,hyp
estonya,ülke,hyp
etiyopya,ülke,hyp
etki,tesir,NONhype
etraf,çevre,NONhype
ev,ağaç,NONhype
evet,hayır,NONhype
ev,fırtına,NONhype
ev,kol,NONhype
ev,konut,NONhype
ev,meslek,NONhype
ev,meyve,NONhype
ev,ülke,NONhype
evvel,önce,NONhype
eylem,fiil,NONhype
eylemsi,fiilimsi,NONhype
faaliyet,etkinlik,NONhype
faiz,nema,NONhype
fakat,ama,NONhype
fakat,lakin,NONhype
fakir,fukara,NONhype
fakir,yoksul,NONhype
fakir,zengin,NONhype
faktör,unsur,NONhype
fanatik,gazete,hyp
fare,hayvan,hyp
fare,sıçan,NONhype
fark,ayrım,NONhype
fasıla,ara,NONhype
fasıla,hayvan,NONhype
fas,ülke,hyp
fasulye,sebze,hyp
fayda,yarar,NONhype
fazla,çok,NONhype
felç,nüzul,NONhype
fena,kötü,NONhype
fer,işık,NONhype
fermuar,kabuk,NONhype
fert,birey,NONhype
fesleğen,meslek,NONhype
fesleğen,sebze,hyp
feza,uzay,NONhype
figaro,gazete,hyp
fiil,eylem,NONhype
fiji,ülke,hyp
fikir,düşünce,NONhype
file,ağ,NONhype
file,ülke,NONhype
fil,hayvan,hyp
filipinler,ülke,hyp
filistin,ülke,hyp
film,aidat,NONhype
film,meyve,NONhype
film,ülke,NONhype
fındık,meyve,hyp
finlandiya,ülke,hyp
fırın,oda,NONhype
fiş,komşu,NONhype
fiş,minder,NONhype
fizikçi,meslek,hyp
fizikçi,meslek,NONhype
fizyoterapist,meslek,hyp
folklor,spor,hyp
fransa,ülke,hyp
frekans,vitamin,NONhype
fruktoz,içecek,hyp
futbol,antrenör,NONhype
futbol,başarı,NONhype
futbol,bedel,NONhype
futbol,bonservis,NONhype
futbol,dal,NONhype
futbol,direktör,NONhype
futbol,eksik,NONhype
futbol,galatasaray,NONhype
futbol,gol,NONhype
futbol,hata,NONhype
futbol,hayvan,NONhype
futbol,kart,NONhype
futbol,kral,NONhype
futbol,kulüp,NONhype
futbol,kupa,NONhype
futbol,kural,NONhype
futbol,lig,NONhype
futbol,maç,NONhype
futbol,meyve,NONhype
futbol,oyun,NONhype
futbol,problem,NONhype
futbol,saha,NONhype
futbol,sakat,NONhype
futbol,şike,NONhype
futbol,sıkıntı,NONhype
futbol,sorun,NONhype
futbol,sözleşme,NONhype
futbol,spor,hyp
futbol,takım,NONhype
futbol,taraftar,NONhype
futbol,trabzonspor,NONhype
futbol,transfer,NONhype
futbol,ülke,NONhype
füze,roket,NONhype
galip,mağlup,NONhype
gana,meslek,NONhype
gana,meyve,NONhype
gana,ülke,hyp
garip,acayip,NONhype
garp,batı,NONhype
gaye,amaç,NONhype
gayret,çaba,NONhype
gazete,basın,NONhype
gazete,başlık,NONhype
gazete,çekirdek,NONhype
gazeteci,meslek,hyp
gazete,dağıtım,NONhype
gazete,ege,NONhype
gazete,ekin,NONhype
gazete,fotoğraf,NONhype
gazete,gazetecilik,NONhype
gazete,görüş,NONhype
gazete,hayvan,NONhype
gazete,içerik,NONhype
gazete,ilan,NONhype
gazete,internet,NONhype
gazete,kitle,NONhype
gazete,köşe,NONhype
gazete,manşet,NONhype
gazete,medya,NONhype
gazete,meyve,NONhype
gazete,müdür,NONhype
gazete,nüsha,NONhype
gazete,organ,NONhype
gazete,reklam,NONhype
gazete,resim,NONhype
gazete,sayfa,NONhype
gazete,sınıf,NONhype
gazete,sözcü,NONhype
gazete,tiraj,NONhype
gazete,yaş,NONhype
gazete,yayın,NONhype
gazete,yazar,NONhype
gazete,yazı,NONhype
gazete,yıl,NONhype
gazete,yönetim,NONhype
gaziantep,il,hyp
gazoz,içecek,hyp
gebe,hamile,NONhype
gece,gündüz,NONhype
geçmiş,gelecek,NONhype
gelecek,istikbal,NONhype
gelenek,anane,NONhype
gelir,gider,NONhype
gemi,alan,NONhype
gemi,alt,NONhype
gemi,ambar,NONhype
gemi,arka,NONhype
gemi,bandıra,NONhype
gemi,bayrak,NONhype
gemi,bölüm,NONhype
gemi,daire,NONhype
gemi,düdük,NONhype
gemi,güverte,NONhype
gemi,hayvan,NONhype
gemi,iç,NONhype
gemi,isim,NONhype
gemi,kaptan,NONhype
gemi,köşk,NONhype
gemi,mal,NONhype
gemi,meyve,NONhype
gemi,mürettebat,NONhype
gemi,rota,NONhype
gemi,saat,NONhype
gemi,tank,NONhype
gemi,taraf,NONhype
gemi,tonaj,NONhype
gemi,ülke,NONhype
gemi,üzer,NONhype
gemi,yan,NONhype
gemi,yelken,NONhype
gemi,yer,NONhype
gemi,yük,NONhype
genç,yaşlı,NONhype
genel,umumi,NONhype
gene,yine,NONhype
geniş,dar,NONhype
gerçek,sahte,NONhype
gergedan,hayvan,hyp
geri,art,NONhype
geri,ileri,NONhype
geyik,hayvan,hyp
gıda,besin,NONhype
gine,ülke,hyp
giresun,il,hyp
gitar,apartman,NONhype
giysi,elbise,NONhype
gizli,hayvan,NONhype
gizli,saklı,NONhype
giz,sır,NONhype
glikoz,içecek,hyp
gökyüzü,sema,NONhype
golf,spor,hyp
gömlek,ayak,NONhype
gömlek,salon,NONhype
görev,vazife,NONhype
gövde,bardak,NONhype
gövde,beden,NONhype
göz,banyo,NONhype
gözlem,meyve,NONhype
gözlem,rasat,NONhype
gözlem,ülke,NONhype
gözlük,akrep,NONhype
gözlük,kemik,NONhype
gramer,dilbilgisi,NONhype
greyfurt,meyve,hyp
grönland,ülke,hyp
guatemala,ülke,hyp
güç,kuvvet,NONhype
güçlü,kuvvetli,NONhype
güç,zor,NONhype
güldürü,komedi,NONhype
gülünç,komik,NONhype
gümüşhane,il,hyp
günaydın,gazete,hyp
gündem,gazete,hyp
gündem,hayvan,NONhype
gündüz,gazete,hyp
güneş,gazete,hyp
güney,cenup,NONhype
gürcistan,ülke,hyp
güreş,spor,hyp
güven,itimat,NONhype
güvenlik,meslek,hyp
güvercin,hayvan,hyp
güzel,çirkin,NONhype
güz,sonbahar,NONhype
haber,düğme,NONhype
haber,gazete,hyp
hadise,olay,NONhype
hakkari,il,hyp
halbuki,oysa,NONhype
hal,durum,NONhype
halter,spor,hyp
ham,meyve,NONhype
ham,olmamış,NONhype
ham,ülke,NONhype
hane,ev,NONhype
hareket,devinim,NONhype
hariç,dış,NONhype
harp,savaş,NONhype
harp,ülke,NONhype
hasım,düşman,NONhype
hasis,cimri,NONhype
hasret,özlem,NONhype
hassas,duygulu,NONhype
hasta,ağrı,NONhype
hasta,akne,NONhype
hasta,alerji,NONhype
hasta,ameliyat,NONhype
hasta,ankiloz,NONhype
hasta,astım,NONhype
hasta,ateş,NONhype
hasta,belirti,NONhype
hasta,biyopsi,NONhype
hasta,bozukluk,NONhype
hasta,bulgu,NONhype
hasta,depresyon,NONhype
hasta,diyabet,NONhype
hasta,enfeksiyon,NONhype
hasta,fıtık,NONhype
hasta,güvence,NONhype
hasta,hastalık,NONhype
hasta,hayvan,NONhype
hasta,hemoroit,NONhype
hasta,hipertansiyon,NONhype
hasta,ihtiyaç,NONhype
hasta,kanser,NONhype
hasta,katarakt,NONhype
hasta,lezyon,NONhype
hasta,metastaz,NONhype
hasta,meyve,NONhype
hasta,migren,NONhype
hasta,nakil,NONhype
hasta,nezle,NONhype
hasta,obstrüksiyon,NONhype
hasta,öksürük,NONhype
hasta,pil,NONhype
hasta,problem,NONhype
hasta,prostat,NONhype
hasta,rahatsızlık,NONhype
hasta,risk,NONhype
hasta,romatizma,NONhype
hasta,sendrom,NONhype
hasta,şikâyet,NONhype
hasta,sinüzit,NONhype
hasta,siroz,NONhype
hasta,sorun,NONhype
hasta,tansiyon,NONhype
hasta,tıkanıklık,NONhype
hasta,tümör,NONhype
hasta,ülke,NONhype
hasta,ülser,NONhype
hatay,il,hyp
hatıra,anı,NONhype
havan,alet,hyp
havlu,kabuk,NONhype
havuç,meyve,hyp
havuz,köy,NONhype
havuz,meyve,NONhype
havuz,ülke,NONhype
hayal,düş,NONhype
hayal,gerçek,NONhype
hayal,meyve,NONhype
hayat,ömür,NONhype
hayat,yaşam,NONhype
haysiyet,onur,NONhype
hayta,serseri,NONhype
hayvan,gitar,NONhype
hayvan,kablo,NONhype
hayvan,kapı,NONhype
hediye,armağan,NONhype
hekim,doktor,NONhype
hekim,meslek,hyp
hela,tuvalet,NONhype
hemen,derhal,NONhype
hemşire,meslek,hyp
hentbol,spor,hyp
hersek,ülke,hyp
heykeltıraş,meslek,hyp
hiddet,öfke,NONhype
hikaye,öykü,NONhype
hindi,hayvan,hyp
hindistan,ülke,hyp
hırçın,uysal,NONhype
hırvatistan,ülke,hyp
hısım,akraba,NONhype
hisse,pay,NONhype
hıyar,sebze,hyp
hızlı,yavaş,NONhype
hollanda,ülke,hyp
honduras,ülke,hyp
hongkong,hayvan,NONhype
hongkong,ülke,hyp
horoz,hayvan,hyp
horoz,meslek,NONhype
hudut,sınır,NONhype
hukuk,hayvan,NONhype
hukuk,meslek,hyp
hurma,meyve,hyp
hür,özgür,NONhype
hürriyet,gazete,hyp
hususi,özel,NONhype
icat,buluş,NONhype
iç,dahil,NONhype
iç,dış,NONhype
içel,il,hyp
içten,samimi,NONhype
idadi,lise,NONhype
idare,hayvan,NONhype
idare,yönetim,NONhype
iğde,meyve,hyp
ığdır,il,hyp
iğne,alet,hyp
ıhlamur,içecek,hyp
ihracat,dışsatım,NONhype
ihtiyaç,gereksinim,NONhype
ihtiyar,genç,NONhype
ihtiyar,yaşlı,NONhype
ikaz,uyarı,NONhype
iktisat,ekonomi,NONhype
ilahiyatçı,meslek,hyp
ilan,duyuru,NONhype
ilave,ek,NONhype
ilave,meyve,NONhype
il,dolap,NONhype
ileri,geri,NONhype
ilgeç,edat,NONhype
ilgi,alaka,NONhype
ilginç,enteresan,NONhype
ilıca,hayvan,NONhype
ilıca,kaplıca,NONhype
ilik,kulak,NONhype
ilim,bilim,NONhype
ilişki,münasebet,NONhype
ilkel,çağdaş,NONhype
ilkel,hayvan,NONhype
ilkel,modern,NONhype
ilk,son,NONhype
imar,bayındır,NONhype
imkan,olanak,NONhype
imtihan,sınav,NONhype
ince,kalın,NONhype
incir,meyve,hyp
independent,gazete,hyp
indirim,zam,NONhype
inek,hayvan,hyp
ingiltere,ülke,hyp
iniş,çıkış,NONhype
insan,ağaç,NONhype
insan,akıl,NONhype
insan,beceri,NONhype
insan,beklenti,NONhype
insan,beyin,NONhype
insan,bilgi,NONhype
insan,birikim,NONhype
insan,dert,NONhype
insan,din,NONhype
insan,doğa,NONhype
insan,düşünce,NONhype
insan,duygu,NONhype
insan,eğilim,NONhype
insan,ev,NONhype
insan,fikir,NONhype
insan,gereksinim,NONhype
insan,göz,NONhype
insan,hak,NONhype
insan,hastalık,NONhype
insan,hayat,NONhype
insan,hayvan,NONhype
insan,hikâye,NONhype
insan,ihtiyaç,NONhype
insan,ilgi,NONhype
insan,inanç,NONhype
insan,iş,NONhype
insan,kafa,NONhype
insan,kalp,NONhype
insan,kişilik,NONhype
insan,korku,NONhype
insan,kültür,NONhype
insan,merak,NONhype
insan,meyve,NONhype
insan,mutfak,NONhype
insan,para,NONhype
insan,problem,NONhype
insan,ruh,NONhype
insan,sevgi,NONhype
insan,sıkıntı,NONhype
insan,sorun,NONhype
insan,tarz,NONhype
insan,ülke,NONhype
insan,varlık,NONhype
insan,vicdan,NONhype
insan,yaşam,NONhype
insan,yetenek,NONhype
insan,zevk,NONhype
ira,karakter,NONhype
irak,ülke,hyp
irak,uzak,NONhype
iran,ülke,hyp
irgat,rençber,NONhype
irk,soy,NONhype
irlanda,ülke,hyp
irmak,hayvan,NONhype
irmak,nehir,NONhype
işçi,meslek,hyp
isim,ad,NONhype
iskandinavya,ülke,hyp
iskemle,sandalye,NONhype
iskenderun,il,hyp
iskenderun,meslek,NONhype
iskoçya,hayvan,NONhype
iskoçya,ülke,hyp
islak,kuru,NONhype
ıspanak,sebze,hyp
ispanya,ülke,hyp
isparta,il,hyp
israil,ülke,hyp
issız,kalabalık,NONhype
ıstakoz,hayvan,hyp
istanbul,il,hyp
istiklal,gazete,hyp
istiklâl,gazete,hyp
istiridye,hayvan,hyp
isveç,ülke,hyp
isviçre,ülke,hyp
italya,ülke,hyp
ithalat,dışalım,NONhype
ithalat,ihracat,NONhype
itibar,saygınlık,NONhype
itimat,güven,NONhype
itina,özen,NONhype
itina,ülke,NONhype
iyi,kötü,NONhype
izah,açıklama,NONhype
izcilik,spor,hyp
izci,spor,hyp
izlanda,ülke,hyp
izmir,il,hyp
izmit,il,hyp
japonya,ülke,hyp
jimnastik,spor,hyp
judo,spor,hyp
kabak,meyve,hyp
kabak,sebze,hyp
kabiliyet,yetenek,NONhype
kabuk,dal,NONhype
kabuk,kenar,NONhype
kabus,karabasan,NONhype
kabza,ev,NONhype
kadın,anne,NONhype
kadın,aşk,NONhype
kadın,baş,NONhype
kadın,bozukluk,NONhype
kadın,cinsiyet,NONhype
kadın,çocuk,NONhype
kadın,dert,NONhype
kadın,duygu,NONhype
kadın,eğitim,NONhype
kadın,erkek,NONhype
kadın,eş,NONhype
kadın,evlilik,NONhype
kadın,ev,NONhype
kadın,hak,NONhype
kadın,hamilelik,NONhype
kadın,hastalık,NONhype
kadın,hikâye,NONhype
kadın,ihtiyaç,NONhype
kadın,ilişki,NONhype
kadın,iş,NONhype
kadın,kanser,NONhype
kadın,kişilik,NONhype
kadın,koca,NONhype
kadın,meme,NONhype
kadın,menopoz,NONhype
kadın,meyve,NONhype
kadın,öykü,NONhype
kadın,partner,NONhype
kadın,problem,NONhype
kadın,rahatsızlık,NONhype
kadın,rahim,NONhype
kadın,risk,NONhype
kadın,sendrom,NONhype
kadın,ses,NONhype
kadın,sevgili,NONhype
kadın,şikâyet,NONhype
kadın,sorun,NONhype
kadın,statü,NONhype
kadın,tarz,NONhype
kadın,tedavi,NONhype
kadın,ülke,NONhype
kadın,yasak,NONhype
kadın,yaşam,NONhype
kadın,yaş,NONhype
kadın,zaaf,NONhype
kafa,baş,NONhype
kafa,çiçek,NONhype
kafa,hayvan,NONhype
kafa,sap,NONhype
kafa,sinema,NONhype
kafi,yeter,NONhype
kafiye,uyak,NONhype
kahramanmaraş,il,hyp
kahve,balık,NONhype
kahve,içecek,hyp
kakao,içecek,hyp
kakao,meslek,NONhype
kalabalık,tenha,NONhype
kalamar,hayvan,hyp
kalem,araba,NONhype
kalem,bina,NONhype
kalem,bulut,NONhype
kalem,sigara,NONhype
kalem,su,NONhype
kalite,nitelik,NONhype
kalp,yürek,NONhype
kama,alet,hyp
kamu,halk,NONhype
kanada,ülke,hyp
kanıt,delil,NONhype
kanun,yasa,NONhype
kanyak,içecek,hyp
kapak,apartman,NONhype
kapak,ev,NONhype
kapak,kat,NONhype
kapari,sebze,hyp
kapı,el,NONhype
kapı,film,NONhype
kapı,koli,NONhype
kapital,sermaye,NONhype
kaplan,hayvan,hyp
kaplumbağa,hayvan,hyp
kaptan,kol,NONhype
karabük,il,hyp
karaca,hayvan,hyp
karadağ,ülke,hyp
karalahana,sebze,hyp
karaman,il,hyp
karasinek,hayvan,hyp
kara,siyah,NONhype
karate,spor,hyp
karayemiş,meyve,hyp
karayip,ülke,hyp
karides,hayvan,hyp
karnabahar,sebze,hyp
karpuz,meyve,hyp
kars,il,hyp
karşın,rağmen,NONhype
karşıt,zıt,NONhype
kart,körpe,NONhype
kart,ülke,NONhype
kâr,zarar,NONhype
kas,adale,NONhype
kastamonu,hayvan,NONhype
kastamonu,il,hyp
kat,gömlek,NONhype
kati,kesin,NONhype
katı,sert,NONhype
katı,sıvı,NONhype
katı,yumuşak,NONhype
kavun,meyve,hyp
kayak,meslek,NONhype
kayak,spor,hyp
kayıp,yitik,NONhype
kayısı,meslek,NONhype
kayısı,meyve,hyp
kaykay,spor,hyp
kaynak,alet,hyp
kayseri,il,hyp
kazakistan,ülke,hyp
kazma,alet,hyp
kazma,hayvan,NONhype
keçi,hayvan,hyp
keder,acı,NONhype
keder,neşe,NONhype
kedigiller,hayvan,hyp
kedi,hayvan,hyp
kedi,kumaş,NONhype
kedi,şirket,NONhype
kefal,hayvan,hyp
kekik,sebze,hyp
keklik,hayvan,hyp
kelime,hayvan,NONhype
kelime,sözcük,NONhype
kemik,ampul,NONhype
kenar,cep,NONhype
kenar,kıyı,NONhype
kent,şehir,NONhype
kenya,ülke,hyp
kere,defa,NONhype
kereviz,sebze,hyp
kertenkele,hayvan,hyp
keser,alet,hyp
kesin,kati,NONhype
keski,alet,hyp
keski,hayvan,NONhype
kıbrıs,ülke,hyp
kılavuz,rehber,NONhype
kılçık,minder,NONhype
kilis,il,hyp
kilit,yönetmen,NONhype
kıl,pul,NONhype
kimyager,meslek,hyp
kiraz,meyve,hyp
kırgızistan,meslek,NONhype
kırgızistan,ülke,hyp
kırıkkale,il,hyp
kırklareli,il,hyp
kirli,pis,NONhype
kirli,temiz,NONhype
kırmızı,al,NONhype
kir,pislik,NONhype
kırşehir,il,hyp
kişi,şahıs,NONhype
kış,yaz,NONhype
kitap,ara,NONhype
kitap,başlık,NONhype
kitap,baş,NONhype
kitap,bölüm,NONhype
kitap,değer,NONhype
kitap,fiyat,NONhype
kitap,hak,NONhype
kitap,içerik,NONhype
kitap,iç,NONhype
kitap,isim,NONhype
kitap,kahraman,NONhype
kitap,kapak,NONhype
kitap,konu,NONhype
kitap,meyve,NONhype
kitap,musluk,NONhype
kitap,özet,NONhype
kitap,sayfa,NONhype
kitap,sayı,NONhype
kitap,son,NONhype
kitap,tanıtım,NONhype
kitap,tarih,NONhype
kitap,ülke,NONhype
kitap,üzer,NONhype
kitap,yan,NONhype
kitap,yazar,NONhype
kıta,telefon,NONhype
kıtlık,bolluk,NONhype
kivi,meyve,hyp
kıyı,ayak,NONhype
kıyı,sahil,NONhype
kızılcık,meyve,hyp
kktc,ülke,hyp
klor,meyve,NONhype
klor,mutfak,NONhype
kocaeli,il,hyp
kocaman,iri,NONhype
koç,hayvan,hyp
kola,içecek,hyp
kolay,basit,NONhype
kolay,zor,NONhype
kol,fırın,NONhype
koli,yatak,NONhype
kol,meyve,NONhype
kolombiya,ülke,hyp
kol,örtü,NONhype
kol,ritm,NONhype
kol,tomurcuk,NONhype
koltuk,şarj,NONhype
kol,ülke,NONhype
kol,yatak,NONhype
komedi,güldürü,NONhype
komik,gülünç,NONhype
komşu,motor,NONhype
kongo,ülke,hyp
kontrol,denetim,NONhype
kontrolör,meslek,hyp
konuk,misafir,NONhype
konut,ev,NONhype
konya,il,hyp
konyak,içecek,hyp
köpek,avize,NONhype
köpek,cam,NONhype
köpek,çerçeve,NONhype
köpek,hayvan,hyp
köpek,kozalak,NONhype
köpek,lamba,NONhype
köpek,meslek,NONhype
köpek,şarap,NONhype
kore,ülke,hyp
korkak,cesur,NONhype
kosova,ülke,hyp
kostarika,ülke,hyp
köstebek,hayvan,hyp
koşu,hayvan,NONhype
koşul,şart,NONhype
koşu,spor,hyp
köy,anahtar,NONhype
koyun,hayvan,hyp
koyun,topuk,NONhype
kriket,hayvan,NONhype
kriket,spor,hyp
küba,ülke,hyp
küçük,büyük,NONhype
kuğu,hayvan,hyp
kulak,çekmece,NONhype
kulak,il,NONhype
kulp,dana,NONhype
kumanda,ayak,NONhype
kumanda,ceket,NONhype
kumaş,fiş,NONhype
kumaş,kol,NONhype
küme,grup,NONhype
kural,kaide,NONhype
kurbağa,hayvan,hyp
kürek,alet,hyp
kürek,spor,hyp
kurnaz,saf,NONhype
kurşun,televizyon,NONhype
kurt,hayvan,hyp
kuruluş,kurum,NONhype
kuruluş,müessese,NONhype
kuru,yaş,NONhype
kuş,anten,NONhype
kuşburnu,meyve,hyp
küs,dargın,NONhype
kuş,hayvan,hyp
kuşkonmaz,sebze,hyp
kuşku,şüphe,NONhype
kütahya,il,hyp
kütahya,meslek,NONhype
kutsal,mukaddes,NONhype
küvet,sap,NONhype
kuveyt,ülke,hyp
kuvvet,güç,NONhype
kuyruk,masa,NONhype
kuzey,güney,NONhype
kuzey,şimal,NONhype
kuzu,hayvan,hyp
laborant,meslek,hyp
lafazan,geveze,NONhype
laf,meyve,NONhype
laf,söz,NONhype
lahana,sebze,hyp
lahza,an,NONhype
lal,dilsiz,NONhype
lama,deve,NONhype
lama,hayvan,hyp
lamba,ekran,NONhype
lamba,hırka,NONhype
lamba,meyve,NONhype
lamba,ülke,NONhype
lavabo,çekirdek,NONhype
lavabo,tohum,NONhype
leopar,hayvan,hyp
letonya,ülke,hyp
levha,alet,hyp
levrek,hayvan,hyp
levye,alet,hyp
leylek,hayvan,hyp
liberya,ülke,hyp
libya,ülke,hyp
lider,önder,NONhype
likör,hayvan,NONhype
likör,içecek,hyp
limonata,içecek,hyp
limon,meyve,hyp
limon,sebze,hyp
lisan,dil,NONhype
litvanya,ülke,hyp
lübnan,hayvan,NONhype
lübnan,ülke,hyp
lüksemburg,ülke,hyp
lüzumlu,gerekli,NONhype
lüzumsuz,gereksiz,NONhype
mabet,meyve,NONhype
mabet,tapınak,NONhype
macaristan,ülke,hyp
macera,hayvan,NONhype
macera,serüven,NONhype
madagaskar,ülke,hyp
mafsal,eklem,NONhype
mağlup,yenik,NONhype
mahalli,yerel,NONhype
mahcup,utangaç,NONhype
mahluk,yaratık,NONhype
mahpushane,hapishane,NONhype
mahsul,ürün,NONhype
makas,alet,hyp
makedonya,ülke,hyp
makine,alet,hyp
makine,meslek,NONhype
malatya,il,hyp
malezya,ülke,hyp
malta,ülke,hyp
mana,anlam,NONhype
manda,hayvan,hyp
mandalina,meyve,hyp
mani,engel,NONhype
manisa,il,hyp
manşet,çekmece,NONhype
mantar,sebze,hyp
manzara,görünüm,NONhype
marangoz,meslek,hyp
maraş,il,hyp
mardin,il,hyp
market,gömlek,NONhype
marul,sebze,hyp
masa,cüzdan,NONhype
masa,küvet,NONhype
masör,meslek,hyp
matbaa,basımevi,NONhype
matematikçi,meslek,hyp
matem,yas,NONhype
matkap,alet,hyp
maydanoz,sebze,hyp
maymun,hayvan,hyp
mebus,milletvekili,NONhype
mecbur,zorunlu,NONhype
mecmua,dergi,NONhype
medeni,ilkel,NONhype
medeni,uygar,NONhype
medeniyet,uygarlık,NONhype
meksika,ülke,hyp
mektep,okul,NONhype
mektup,name,NONhype
melodi,ezgi,NONhype
menfaat,çıkar,NONhype
menfi,meyve,NONhype
menfi,olumsuz,NONhype
menkul,taşınır,NONhype
merasim,tören,NONhype
mercimek,sebze,hyp
merdiven,sap,NONhype
meridyen,boylam,NONhype
merkep,eşek,NONhype
mermi,düğme,NONhype
mersin,il,hyp
mersin,meslek,NONhype
mesafe,ara,NONhype
mesela,örneğin,NONhype
mesele,sorun,NONhype
meşhur,ünlü,NONhype
mesken,konuk,NONhype
meslek,iş,NONhype
meşrubat,içecek,NONhype
mesul,sorumlu,NONhype
mesut,mutlu,NONhype
meydan,alan,NONhype
meyve,kedi,NONhype
meyve,nüfus,NONhype
meyve,torba,NONhype
meyve,ülke,NONhype
meyve,yelkovan,NONhype
midye,hayvan,hyp
millet,ulus,NONhype
milletvekili,mebus,NONhype
milli,ulusal,NONhype
milliyet,gazete,hyp
mimar,meslek,hyp
minder,gömlek,NONhype
mine,gazete,NONhype
minimum,maksimum,NONhype
misafir,konuk,NONhype
misal,örnek,NONhype
mısır,sebze,hyp
mısır,ülke,hyp
misli,katı,NONhype
moğolistan,ülke,hyp
moldova,ülke,hyp
monako,ülke,hyp
moritanya,ülke,hyp
motor,avize,NONhype
motorsiklet,domates,NONhype
motorsiklet,kafa,NONhype
motosiklet,spor,hyp
mozambik,ülke,hyp
muallim,öğretmen,NONhype
muavin,yardımcı,NONhype
mübarek,kutsal,NONhype
müfettiş,meslek,hyp
muğla,il,hyp
muhabir,meslek,hyp
muharebe,savaş,NONhype
muhasebeci,meslek,hyp
mühendis,meslek,hyp
mühim,önemli,NONhype
muhtar,okul,NONhype
muhtelif,çeşitli,NONhype
mükafat,ödül,NONhype
murç,alet,hyp
müsabaka,yarışma,NONhype
müsait,uygun,NONhype
müşavir,meslek,hyp
muş,il,hyp
musluk,bulut,NONhype
muşmula,meyve,hyp
müspet,olumlu,NONhype
müstahsil,üretici,NONhype
müstakil,bağımsız,NONhype
müşteri,alıcı,NONhype
muştu,müjde,NONhype
müteahhit,meslek,hyp
mutfak,ağız,NONhype
mutfak,cep,NONhype
mutfak,kazak,NONhype
mutfak,kulp,NONhype
mutfak,mantar,NONhype
müzik,çiçek,NONhype
muz,meyve,hyp
nadir,ender,NONhype
nakil,atama,NONhype
nakit,para,NONhype
nakliyeci,meslek,hyp
nakliyeci,taşımacı,NONhype
namibya,ülke,hyp
namzet,aday,NONhype
nane,sebze,hyp
nar,meyve,hyp
nasihat,öğüt,NONhype
nazik,kaba,NONhype
nebat,bitki,NONhype
neden,sebep,NONhype
nefes,soluk,NONhype
negatif,pozitif,NONhype
negatif,ülke,NONhype
nehir,irmak,NONhype
nehir,kapak,NONhype
nehir,market,NONhype
nem,rutubet,NONhype
nepal,ülke,hyp
neşeli,ülke,NONhype
neşeli,üzgün,NONhype
neşe,sevinç,NONhype
nesil,kuşak,NONhype
nesir,düzyazı,NONhype
netice,sonuç,NONhype
netice,ülke,NONhype
nevşehir,il,hyp
niğde,il,hyp
nijerya,ülke,hyp
nikaragua,ülke,hyp
nispet,oran,NONhype
nitelik,kalite,NONhype
noksan,eksik,NONhype
nörolog,meslek,hyp
norveç,ülke,hyp
nüfus,fermuar,NONhype
nüfus,lavabo,NONhype
numune,örnek,NONhype
nutuk,söylev,NONhype
öbek,grup,NONhype
öbür,diğer,NONhype
ocak,duvar,NONhype
oda,tırnak,NONhype
ödenti,aidat,NONhype
ödlek,korkak,NONhype
ödül,ceza,NONhype
ödül,mükafat,NONhype
ödün,taviz,NONhype
öfke,hiddet,NONhype
öğe,unsur,NONhype
oğlak,hayvan,hyp
öğrenci,talebe,NONhype
öğrenim,tahsil,NONhype
öğretmen,meslek,hyp
öğüt,hayvan,NONhype
öğüt,nasihat,NONhype
okçuluk,spor,hyp
okul,içki,NONhype
okul,kıl,NONhype
okul,mektep,NONhype
okul,vapur,NONhype
öküz,hayvan,hyp
olanak,imkan,NONhype
olası,mümkün,NONhype
olay,vaka,NONhype
ölü,diri,NONhype
olumlu,hayvan,NONhype
olumlu,müspet,NONhype
olumsuz,menfi,NONhype
ömür,hayat,NONhype
onarım,tamir,NONhype
onay,tasdik,NONhype
önce,evvel,NONhype
önder,lider,NONhype
önemli,mühim,NONhype
öneri,teklif,NONhype
önlem,tedbir,NONhype
onur,şeref,NONhype
oran,nispet,NONhype
ördek,hayvan,hyp
ordu,il,hyp
örgüt,teşkilat,NONhype
orman,saat,NONhype
örneğin,mesele,NONhype
örnek,misal,NONhype
örtü,kabza,NONhype
örtü,meyve,NONhype
örümcek,hayvan,hyp
öteki,diğeri,NONhype
otlak,mera,NONhype
ötürü,dolayı,NONhype
öykü,hikaye,NONhype
oy,rey,NONhype
ozan,şair,NONhype
özbekistan,ülke,hyp
özel,hususi,NONhype
özel,meyve,NONhype
özel,resmî,NONhype
özen,itina,NONhype
özgün,orijinal,NONhype
özgür,hür,NONhype
özlem,hasret,NONhype
öz,üvey,NONhype
pabuç,ayakkabı,NONhype
pahalı,meyve,NONhype
pahalı,ucuz,NONhype
pahalı,ülke,NONhype
pakistan,ülke,hyp
palamut,meyve,hyp
panama,ülke,hyp
pancar,sebze,hyp
pantalon,kitap,NONhype
pantalon,klor,NONhype
panter,hayvan,hyp
papaya,meyve,hyp
paprika,sebze,hyp
parlak,mat,NONhype
parmak,düğme,NONhype
parmak,mine,NONhype
parmak,telefon,NONhype
pars,hayvan,hyp
pasif,edilgen,NONhype
patates,sebze,hyp
paten,spor,hyp
patlıcan,meslek,NONhype
patlıcan,sebze,hyp
pazı,sebze,hyp
pedagog,meslek,hyp
pencere,fırın,NONhype
pencere,fiş,NONhype
penguen,hayvan,hyp
perakende,toptan,NONhype
perde,apartman,NONhype
peru,ülke,hyp
pinti,cimri,NONhype
pırasa,sebze,hyp
pis,kirli,NONhype
polis,hayvan,NONhype
polis,meslek,hyp
politika,meslek,hyp
politika,siyaset,NONhype
polonya,ülke,hyp
polo,spor,hyp
portakal,meyve,hyp
portekiz,ülke,hyp
posta,gazete,hyp
post,dolap,NONhype
problem,sorun,NONhype
profesör,meslek,hyp
prusya,ülke,hyp
psikiyatr,meslek,hyp
psikolog,meslek,hyp
pul,şehir,NONhype
radyo,kilit,NONhype
rağmen,karşın,NONhype
rakı,içecek,hyp
rastlantı,tesadüf,NONhype
ret,kabul,NONhype
ret,meyve,NONhype
rey,oy,NONhype
ritm,sinema,NONhype
rize,il,hyp
roka,sebze,hyp
romanya,ülke,hyp
röntgen,meslek,hyp
rüştiye,ortaokul,NONhype
rusya,ülke,hyp
rutubet,nem,NONhype
rüya,düş,NONhype
rüzgar,yel,NONhype
saat,havuz,NONhype
saat,hayvan,NONhype
saat,meyve,NONhype
sabah,akşam,NONhype
sabah,gazete,hyp
saç,kapı,NONhype
sade,gösterişli,NONhype
sade,yalın,NONhype
şafak,tan,NONhype
sağlam,çürük,NONhype
sağlık,hayvan,NONhype
sağlık,meslek,hyp
sağlık,sıhhat,NONhype
sağ,meyve,NONhype
sağ,sol,NONhype
saha,alan,NONhype
sahil,kıyı,NONhype
şahıs,kişi,NONhype
şahit,tanık,NONhype
şair,ozan,NONhype
şaka,latife,NONhype
sakarya,il,hyp
salatalık,hayvan,NONhype
salatalık,sebze,hyp
salata,sebze,hyp
saldırı,hücum,NONhype
saldırı,savunma,NONhype
şalgam,sebze,hyp
salon,tablo,NONhype
salyangoz,hayvan,hyp
salyangoz,meslek,NONhype
samimi,içten,NONhype
şampanya,içecek,hyp
samsun,il,hyp
sanatçı,meslek,hyp
sanayi,endüstri,NONhype
sandale,saç,NONhype
sandalye,iğne,NONhype
sandalye,iskemle,NONhype
şanlıurfa,il,hyp
şanlıurfa,meslek,NONhype
sansar,hayvan,hyp
şans,talih,NONhype
sap,çekirdek,NONhype
sap,kanat,NONhype
sap,kapak,NONhype
sap,pantalon,NONhype
sap,seyirci,NONhype
sap,ülke,NONhype
sap,ürün,NONhype
şarap,içecek,hyp
sardalye,hayvan,hyp
sarımsak,sebze,hyp
şarj,okul,NONhype
şark,doğu,NONhype
şark,hayvan,NONhype
şart,koşul,NONhype
satır,alet,hyp
savaş,harp,NONhype
saydam,kesif,NONhype
şayet,eğer,NONhype
sazan,hayvan,hyp
saz,çalgı,NONhype
sebep,neden,NONhype
şef,lider,NONhype
şeftali,meyve,hyp
şehir,burun,NONhype
şehir,cezve,NONhype
şehir,kapı,NONhype
şehir,kent,NONhype
şehir,tezgah,NONhype
sehpa,kıyı,NONhype
şekil,biçim,NONhype
sekreter,meslek,hyp
senarist,hayvan,NONhype
senarist,meslek,hyp
senegal,ülke,hyp
sene,yıl,NONhype
şen,meyve,NONhype
şen,neşeli,NONhype
şerbet,içecek,hyp
serçe,hayvan,hyp
şeref,onur,NONhype
şer,hayır,NONhype
sermaye,kapital,NONhype
sert,yumuşak,NONhype
serüven,macera,NONhype
sevimli,sevimsiz,NONhype
sevinç,mutluluk,NONhype
sevinç,üzüntü,NONhype
seyirci,kulak,NONhype
seyrek,sık,NONhype
sıcak,soğuk,NONhype
sıçan,fare,NONhype
sıçan,hayvan,hyp
sigara,sel,NONhype
sığ,derin,NONhype
sığır,hayvan,hyp
sıhhat,sağlık,NONhype
siirt,il,hyp
silah,alet,hyp
silah,deri,NONhype
silah,telefon,NONhype
şili,ülke,hyp
sima,yüz,NONhype
sınav,imtihan,NONhype
sinek,hayvan,hyp
sinema,kıta,NONhype
sinema,sap,NONhype
singapur,meslek,NONhype
singapur,ülke,hyp
sınıf,deniz,NONhype
sınıf,derslik,NONhype
sınıf,hayvan,NONhype
sinop,il,hyp
sırbistan,ülke,hyp
sır,giz,NONhype
şirket,düğme,NONhype
şırnak,il,hyp
sırt,göğüs,NONhype
şişe,kolonya,NONhype
sivas,il,hyp
sivrisinek,hayvan,hyp
siyah,beyaz,NONhype
siyah,kara,NONhype
siyaset,meslek,hyp
siyaset,politika,NONhype
slovakya,meslek,NONhype
slovakya,ülke,hyp
slovenya,ülke,hyp
soda,içecek,hyp
şoför,meslek,hyp
soğan,sebze,hyp
şöhret,ün,NONhype
sokak,gemi,NONhype
somali,ülke,hyp
sömestri,yarıyıl,NONhype
somon,hayvan,hyp
sonbahar,güz,NONhype
son,nihayet,NONhype
sonuç,netice,NONhype
sopa,alet,hyp
sopa,hayvan,NONhype
sörf,spor,hyp
sorumluluk,mesuliyet,NONhype
sorun,çözüm,NONhype
sorun,mesele,NONhype
sosyolog,meslek,hyp
sovyet,ülke,hyp
söylev,nutuk,NONhype
soylu,asil,NONhype
soyut,somut,NONhype
sözcük,kelime,NONhype
sözel,sayısal,NONhype
sözlük,lügat,NONhype
sscb,ülke,hyp
stajyer,meslek,hyp
star,gazete,hyp
step,spor,hyp
subay,meslek,hyp
suçlu,masum,NONhype
suçlu,ülke,NONhype
sudan,meslek,NONhype
sudan,ülke,hyp
su,içecek,hyp
sulh,barış,NONhype
suni,yapay,NONhype
şüphe,kuşku,NONhype
süpürge,alet,hyp
süpürge,hayvan,NONhype
sürahi,ev,NONhype
sürat,hız,NONhype
surat,sima,NONhype
surat,yüz,NONhype
sürekli,devamlı,NONhype
sürekli,meyve,NONhype
suriye,ülke,hyp
şurup,içecek,hyp
süt,içecek,hyp
şuur,bilinç,NONhype
tabanca,alet,hyp
tabiat,doğa,NONhype
tabii,doğal,NONhype
tabip,doktor,NONhype
tabip,hekim,NONhype
tabip,meslek,hyp
tacikistan,meslek,NONhype
tacikistan,ülke,hyp
takım,alet,hyp
takım,antrenör,NONhype
takım,başarı,NONhype
takım,çeyrek,NONhype
takım,destek,NONhype
takım,direktör,NONhype
takım,eksik,NONhype
takım,fenerbahçe,NONhype
takım,final,NONhype
takım,forvet,NONhype
takım,galibiyet,NONhype
takım,gol,NONhype
takım,güç,NONhype
takım,hedef,NONhype
takım,hoca,NONhype
takım,hollanda,NONhype
takım,hücum,NONhype
takım,iddia,NONhype
takım,ihtiyaç,NONhype
takım,kadro,NONhype
takım,kaleci,NONhype
takım,kaptan,NONhype
takım,karşılaşma,NONhype
takım,kulüp,NONhype
takım,kupa,NONhype
takım,lider,NONhype
takım,lig,NONhype
takım,maç,NONhype
takım,moral,NONhype
takım,oyun,NONhype
takım,puan,NONhype
takım,saha,NONhype
takım,şampiyona,NONhype
takım,şampiyonluk,NONhype
takım,şampiyon,NONhype
takım,şans,NONhype
takım,seyirci,NONhype
takım,sezon,NONhype
takım,taraftar,NONhype
takım,transfer,NONhype
takım,ülke,NONhype
takım,yıldız,NONhype
talebe,meyve,NONhype
talebe,öğrenci,NONhype
talih,şans,NONhype
tamir,onarım,NONhype
tane,adet,NONhype
tanık,şahit,NONhype
tanım,hayvan,NONhype
tanım,tarif,NONhype
tanin,gazete,hyp
tanzanya,ülke,hyp
tapınak,mabet,NONhype
taraf,meyve,NONhype
taraf,ülke,NONhype
taraf,yan,NONhype
tarayıcı,alet,hyp
tarhun,sebze,hyp
tarif,tanım,NONhype
tarihçi,meslek,hyp
tarım,ziraat,NONhype
tartışma,münakaşa,NONhype
tasdik,onay,NONhype
tava,insan,NONhype
tavan,taban,NONhype
tavşan,hayvan,hyp
tavuk,hayvan,hyp
tayland,meslek,NONhype
tayland,ülke,hyp
tayvan,ülke,hyp
taze,bayat,NONhype
tebrik,kutlama,NONhype
tebrik,meyve,NONhype
teçhizat,alet,hyp
teçhizat,hayvan,NONhype
tecrübe,deney,NONhype
tedbir,önlem,NONhype
tekerlek,hayvan,NONhype
tekil,çoğul,NONhype
tekil,ülke,NONhype
tekirdağ,hayvan,NONhype
tekirdağ,il,hyp
teklif,öneri,NONhype
tekniker,meslek,hyp
teknisyen,meslek,hyp
tekrar,yine,NONhype
tekvando,spor,hyp
telefon,alet,hyp
telefon,diş,NONhype
telefon,kitap,NONhype
telefon,koyun,NONhype
telefon,lamba,NONhype
teleks,alet,hyp
televizyon,alet,hyp
televizyonculuk,meslek,hyp
televizyon,gözlük,NONhype
televizyon,kalem,NONhype
televizyon,kavanoz,NONhype
televizyon,kedi,NONhype
tel,ev,NONhype
telgraf,alet,hyp
telsiz,alet,hyp
temel,esas,NONhype
temiz,kirli,NONhype
tencere,ağaç,NONhype
tencere,frekans,NONhype
tenis,spor,hyp
tepsi,tiyatro,NONhype
tercüman,gazete,hyp
tercümanlık,meslek,hyp
tercüme,çeviri,NONhype
tertip,düzen,NONhype
tertipli,dağınık,NONhype
terzi,meslek,hyp
tesadüf,rastlantı,NONhype
tesir,etki,NONhype
tezgah,ülke,NONhype
tgrt,gazete,hyp
times,gazete,hyp
tırnak,tarçın,NONhype
tırnak,tomurcuk,NONhype
tiyatro,tütsü,NONhype
togo,ülke,hyp
tohum,tel,NONhype
tokat,il,hyp
tomurcuk,sürahi,NONhype
toplama,çıkarma,NONhype
toplama,meyve,NONhype
toplum,cemiyet,NONhype
toprak,cam,NONhype
topuk,kapak,NONhype
tören,merasim,NONhype
tornavida,alet,hyp
trabzon,il,hyp
tren,katar,NONhype
tren,şimendifer,NONhype
triatlon,spor,hyp
trurunçgil,meyve,hyp
tüfek,alet,hyp
tüfek,meslek,NONhype
tuhaf,garip,NONhype
tuhaf,meyve,NONhype
tüm,bütün,NONhype
tümce,cümle,NONhype
tümör,ur,NONhype
tunceli,il,hyp
tunus,ülke,hyp
türkiye,ab,NONhype
türkiye,anlaşma,NONhype
türkiye,avrupa,NONhype
türkiye,birlik,NONhype
türkiye,borç,NONhype
türkiye,çıkar,NONhype
türkiye,dava,NONhype
türkiye,demokrasi,NONhype
türkiye,dernek,NONhype
türkiye,devlet,NONhype
türkiye,dolar,NONhype
türkiye,ekonomi,NONhype
türkiye,enerji,NONhype
türkiye,gazete,hyp
türkiye,güç,NONhype
türkiye,gündem,NONhype
türkiye,güvenlik,NONhype
türkiye,hayvan,NONhype
türkiye,hukuk,NONhype
türkiye,hükümet,NONhype
türkiye,ihtiyaç,NONhype
türkiye,ilişki,NONhype
türkiye,istikrar,NONhype
türkiye,kıbrıs,NONhype
türkiye,komisyon,NONhype
türkiye,komşu,NONhype
türkiye,konsey,NONhype
türkiye,konum,NONhype
türkiye,kriz,NONhype
türkiye,kurul,NONhype
türkiye,meyve,NONhype
türkiye,milyar,NONhype
türkiye,müzakere,NONhype
türkiye,nüfus,NONhype
türkiye,örgüt,NONhype
türkiye,parti,NONhype
türkiye,politika,NONhype
türkiye,potansiyel,NONhype
türkiye,reform,NONhype
türkiye,sermaye,NONhype
türkiye,sorun,NONhype
türkiye,süreç,NONhype
türkiye,ülke,hyp
türkiye,ülke,NONhype
türkiye,yatırım,NONhype
türkmenistan,ülke,hyp
turna,hayvan,hyp
turp,sebze,hyp
turunçgiller,meyve,hyp
turunç,meyve,hyp
tutsak,esir,NONhype
tutsak,özgür,NONhype
tütün,gazete,NONhype
tuvalet,hela,NONhype
tuvalet,wc,NONhype
tüy,tuz,NONhype
tuz,çanta,NONhype
uçak,tayyare,NONhype
uçurum,yar,NONhype
ucuz,pahalı,NONhype
ucuz,ülke,NONhype
ufak,küçük,NONhype
uganda,ülke,hyp
uğraş,iş,NONhype
uğraş,meyve,NONhype
ukrayna,ülke,hyp
uk,ülke,hyp
üleş,pay,NONhype
ülke,diyar,NONhype
ülke,elbise,NONhype
ülke,köpek,NONhype
ülke,memleket,NONhype
ülke,merdiven,NONhype
ülke,sigara,NONhype
ülkü,ideal,NONhype
ulu,hayvan,NONhype
ulus,gazete,hyp
ulus,millet,NONhype
ulu,yüce,NONhype
ümit,umut,NONhype
umman,ülke,hyp
umumi,genel,NONhype
umut,ümit,NONhype
ünlü,meşhur,NONhype
unsur,öğe,NONhype
ürdün,ülke,hyp
ürem,faiz,NONhype
üretim,tüketim,NONhype
urfa,il,hyp
uruguay,ülke,hyp
ürün,kaptan,NONhype
ürün,mahsul,NONhype
uşak,il,hyp
us,akıl,NONhype
uskumru,hayvan,hyp
uslu,yaramaz,NONhype
usta,acemi,NONhype
usta,ehil,NONhype
uyarı,ikaz,NONhype
üye,aza,NONhype
uygar,medeni,NONhype
uygun,elverişsiz,NONhype
uyum,ahenk,NONhype
uzak,irak,NONhype
uzak,yakın,NONhype
uzay,feza,NONhype
uzman,meslek,hyp
üzüm,meyve,hyp
uzun,kısa,NONhype
vaka,hayvan,NONhype
vaka,olay,NONhype
vakit,gazete,hyp
vakit,zaman,NONhype
van,il,hyp
varlıklı,zengin,NONhype
var,yok,NONhype
vasıta,araç,NONhype
vatan,gazete,hyp
vatan,yurt,NONhype
vazife,görev,NONhype
vazife,meyve,NONhype
vaziyet,durum,NONhype
venezuela,ülke,hyp
verimli,ülke,NONhype
verimli,verimsiz,NONhype
vesika,belge,NONhype
veteriner,baytar,NONhype
veteriner,meslek,hyp
vietnam,ülke,hyp
vilayet,il,NONhype
viraj,dönemeç,NONhype
viski,içecek,hyp
vişne,meyve,hyp
vitamin,ilik,NONhype
voleybol,spor,hyp
votka,içecek,hyp
vücut,gövde,NONhype
vücut,mutfak,NONhype
yabancı,tanıdık,NONhype
yakın,irak,NONhype
yakın,uzak,NONhype
yalın,sade,NONhype
yalova,hayvan,NONhype
yalova,il,hyp
yalova,meyve,NONhype
yanıt,cevap,NONhype
yan,taraf,NONhype
yapay,suni,NONhype
yapıt,eser,NONhype
yaprak,kafa,NONhype
yaprak,kumanda,NONhype
yaramaz,uslu,NONhype
yaratık,mahluk,NONhype
yardımcı,muavin,NONhype
yargıç,hakim,NONhype
yarıyıl,sömestri,NONhype
yar,uçurum,NONhype
yasa,kanun,NONhype
yaşam,hayat,NONhype
yaş,islak,NONhype
yaşlı,genç,NONhype
yaşlı,ihtiyar,NONhype
yas,matem,NONhype
yatak,haber,NONhype
yatak,tekerlek,NONhype
yazıcı,alet,hyp
yazım,imla,NONhype
yazı,ova,NONhype
yekün,toplam,NONhype
yelken,spor,hyp
yelkovan,diş,NONhype
yel,rüzgar,NONhype
yemek,aş,NONhype
yemen,ülke,hyp
yengeç,hayvan,hyp
yerel,mahalli,NONhype
yerli,yabancı,NONhype
yeşilbiber,sebze,hyp
yetenek,kabiliyet,NONhype
yılan,hayvan,hyp
yıl,sene,NONhype
yine,tekrar,NONhype
yitik,kayıp,NONhype
yokuş,iniş,NONhype
yönetici,kumaş,NONhype
yönetici,meslek,hyp
yönetmen,sap,NONhype
yöntem,metot,NONhype
yozgat,il,hyp
yüce,ulu,NONhype
yugoslavya,ülke,hyp
yüksek,alçak,NONhype
yunanistan,ülke,hyp
yürek,kalp,NONhype
yurt,vatan,NONhype
yüz,kılçık,NONhype
yüz,surat,NONhype
yüzücülük,spor,hyp
yüz,yaprak,NONhype
yüzyıl,asır,NONhype
zabit,subay,NONhype
zaman,gazete,hyp
zaman,vakit,NONhype
zambiya,ülke,hyp
zarar,ziyan,NONhype
zayıf,şişman,NONhype
zehir,agu,NONhype
zelanda,ülke,hyp
zemin,çiçek,NONhype
zencefil,sebze,hyp
zengin,fakir,NONhype
zengin,varlıklı,NONhype
zerdali,meslek,NONhype
zerdali,meyve,hyp
zerdeçal,sebze,hyp
zeybek,efe,NONhype
zeytin,meyve,hyp
zimbabve,ülke,hyp
ziraat,tarım,NONhype
zırh,alet,hyp
zırnık,metelik,NONhype
zıt,karşıt,NONhype
zıt,meyve,NONhype
ziyan,zarar,NONhype
zonguldak,il,hyp
zor,güç,NONhype
zor,hayvan,NONhype
zorunlu,mecburi,NONhype
zürafa,hayvan,hyp
akp,örgüt,hyp
antropoloji,bilim,hyp
ardıç,baharat,hyp
arzu,duygu,hyp
aşk,duygu,hyp
astım,hastalık,hyp
astronomi,bilim,hyp
atlet,elbise,hyp
bakır,mineral,hyp
biberiye,baharat,hyp
biyoloji,bilim,hyp
bm,örgüt,hyp
bronşit,hastalık,hyp
ceket,elbise,hyp
cesaret,duygu,hyp
chp,örgüt,hyp
çinko,mineral,hyp
çorap,elbise,hyp
dans,sanat,hyp
demir,mineral,hyp
dünya,gezegen,hyp
edebiyat,sanat,hyp
eşarp,elbise,hyp
etek,elbise,hyp
farenjit,hastalık,hyp
felsefe,bilim,hyp
fen,bilim,hyp
fesleğen,baharat,hyp
fizik,bilim,hyp
flor,mineral,hyp
florür,mineral,hyp
fosfor,mineral,hyp
fular,elbise,hyp
gri,bilim,hyp
grip,hastalık,hyp
hardal,baharat,hyp
heyecan,duygu,hyp
heykel,sanat,hyp
iksv,örgüt,hyp
imkb,örgüt,hyp
ishal,hastalık,hyp
iyot,mineral,hyp
jüpiter,gezegen,hyp
kahverengi,renk,hyp
kalsiyum,mineral,hyp
karabiber,gezegen,hyp
kemer,elbise,hyp
kimya,bilim,hyp
kırmızı,renk,hyp
klorid,mineral,hyp
kobalt,mineral,hyp
korku,duygu,hyp
kravat,elbise,hyp
krom,mineral,hyp
kükürt,mineral,hyp
külot,elbise,hyp
lacivert,renk,hyp
magnezyum,mineral,hyp
manganez,mineral,hyp
mars,gezegen,hyp
matematik,bilim,hyp
mavi,renk,hyp
menenjit,hastalık,hyp
merak,duygu,hyp
merkür,gezegen,hyp
mhp,örgüt,hyp
müsiad,örgüt,hyp
mutluluk,duygu,hyp
müzik,sanat,hyp
nane,baharat,hyp
nefret,duygu,hyp
neptün,gezegen,hyp
nezle,hastalık,hyp
öfke,duygu,hyp
pantolon,elbise,hyp
pembe,renk,hyp
potasyum,mineral,hyp
psikoloji,bilim,hyp
reflü,hastalık,hyp
resim,sanat,hyp
rezene,baharat,hyp
roman,sanat,hyp
safran,baharat,hyp
şapka,elbise,hyp
sarı,renk,hyp
satürn,gezegen,hyp
selenyum,mineral,hyp
sevgi,duygu,hyp
sevinç,duygu,hyp
sinema,sanat,hyp
sinüzit,hastalık,hyp
siyah,renk,hyp
siyaset,bilim,hyp
sodyum,mineral,hyp
sosyoloji,bilim,hyp
suçluluk,duygu,hyp
sumak,baharat,hyp
sütyen,elbise,hyp
tarçın,baharat,hyp
tbmm,örgüt,hyp
tcdd,örgüt,hyp
tere,baharat,hyp
tff,örgüt,hyp
tiyatro,sanat,hyp
tmmob,örgüt,hyp
turuncu,renk,hyp
tüsiad,örgüt,hyp
uranüs,gezegen,hyp
üzüntü,duygu,hyp
venüs,gezegen,hyp
yeşil,renk,hyp
zatürre,hastalık,hyp
zencefil,baharat,hyp
zerdeçal,baharat,hyp
mars,mineral,NONhype
mavi,mineral,NONhype
millet,gezegen,NONhype
merak,bilim,NONhype
mars,renk,NONhype
meslek,hastalık,NONhype
metin,duygu,NONhype
ürün,gezegen,NONhype
market,örgüt,NONhype
müslüman,örgüt,NONhype
modern,duygu,NONhype
kağıt,sanat,NONhype
nankör,baharat,NONhype
dev,duygu,NONhype
hep,gezegen,NONhype
lokum,hastalık,NONhype
köte,duygu,NONhype
dükkan,elbise,NONhype
piknik,renk,NONhype
potansiyel,mineral,NONhype
parentez,bilim,NONhype
rehin,hastalık,NONhype
reklam,sanat,NONhype
desen,baharat,NONhype
orman,sanat,NONhype
safra,baharat,NONhype
salak,elbise,NONhype
salgın,renk,NONhype
satır,gezegen,NONhype
siren,mineral,NONhype
ses,duygu,NONhype
süslü,duygu,NONhype
sinek,sanat,NONhype
ayı,hastalık,NONhype
aslan,renk,NONhype
kaplan,bilim,NONhype
orman,mineral,NONhype
salgın,bilim,NONhype
meydan,duygu,NONhype
sulak,baharat,NONhype
siyah,elbise,NONhype
tarak,baharat,NONhype
peynir,örgüt,NONhype
tosun,örgüt,NONhype
tmbb,baharat,NONhype
sinek,örgüt,NONhype
armut,sanat,NONhype
arkadaş,örgüt,NONhype
terlik,renk,NONhype
tütün,örgüt,NONhype
organ,gezegen,NONhype
üzüm,duygu,NONhype
veri,gezegen,NONhype
yemek,renk,NONhype
zaten,hastalık,NONhype
zenci,baharat,NONhype
zemin,baharat,NONhype
